Indicator,Observed Today,Frequency (7d),Frequency (30d),Probability: Today,Confidence: Today,Probability: 7-Day,Confidence: 7-Day,Probability: 14-Day,Confidence: 14-Day,Probability: 30-Day,Confidence: 30-Day
1-you.njalla.no,0,1.0,1.0,12.93%,Today: Possibly active,58.99%,7-Day: Possibly active,65.97%,14-Day: Possibly active,75.06%,30-Day: Possibly active
102.90.61.13,0,0.0,0.0,0.0%,Today: Low confidence,0.0%,7-Day: Low confidence,0.0%,14-Day: Low confidence,0.01%,30-Day: Low confidence
102.91.94.193,0,0.0,0.0,0.0%,Today: Low confidence,0.0%,7-Day: Low confidence,0.0%,14-Day: Low confidence,0.01%,30-Day: Low confidence
103.108.231.67,0,0.0,1.0,0.04%,Today: Low confidence,6.4%,7-Day: Low confidence,11.6%,14-Day: Low confidence,38.06%,30-Day: Low confidence
103.133.107.28,0,4.0,14.0,44.41%,Today: Possibly active,100.0%,7-Day: Highly likely,100.0%,14-Day: Highly likely,100.0%,30-Day: Highly likely
103.147.185.248,0,4.0,8.0,53.39%,Today: Possibly active,100.0%,7-Day: Highly likely,100.0%,14-Day: Highly likely,100.0%,30-Day: Highly likely
103.149.249.226,0,0.0,0.0,0.0%,Today: Low confidence,0.03%,7-Day: Low confidence,0.13%,14-Day: Low confidence,1.31%,30-Day: Low confidence
103.153.78.59,0,0.0,2.0,0.32%,Today: Low confidence,18.46%,7-Day: Low confidence,49.23%,14-Day: Low confidence,80.35%,30-Day: Low confidence
103.156.92.159,0,4.0,9.0,41.81%,Today: Possibly active,100.0%,7-Day: Highly likely,100.0%,14-Day: Highly likely,100.0%,30-Day: Highly likely
103.163.118.122,0,1.0,1.0,9.46%,Today: Possibly active,57.93%,7-Day: Possibly active,65.59%,14-Day: Possibly active,74.75%,30-Day: Possibly active
103.194.47.162,1,7.0,21.0,94.39%,Today: Highly likely,100.0%,7-Day: Highly likely,100.0%,14-Day: Highly likely,100.0%,30-Day: Highly likely
103.207.37.51,0,2.0,5.0,7.69%,Today: Possibly active,95.14%,7-Day: Highly likely,100.0%,14-Day: Highly likely,100.0%,30-Day: Highly likely
103.225.136.166,0,0.0,0.0,0.0%,Today: Low confidence,0.0%,7-Day: Low confidence,0.0%,14-Day: Low confidence,0.01%,30-Day: Low confidence
103.70.114.33,0,0.0,2.0,0.03%,Today: Low confidence,12.11%,7-Day: Low confidence,22.31%,14-Day: Low confidence,62.03%,30-Day: Low confidence
103.77.192.88,0,0.0,1.0,0.2%,Today: Low confidence,7.22%,7-Day: Low confidence,15.68%,14-Day: Low confidence,46.93%,30-Day: Low confidence
104.128.161.233,0,5.0,28.0,47.87%,Today: Possibly active,100.0%,7-Day: Highly likely,100.0%,14-Day: Highly likely,100.0%,30-Day: Highly likely
104.129.24.124,0,0.0,0.0,0.01%,Today: Low confidence,0.32%,7-Day: Low confidence,1.44%,14-Day: Low confidence,8.04%,30-Day: Low confidence
104.152.52.105,1,7.0,22.0,92.19%,Today: Highly likely,100.0%,7-Day: Highly likely,100.0%,14-Day: Highly likely,100.0%,30-Day: Highly likely
104.152.52.110,1,7.0,23.0,93.43%,Today: Highly likely,100.0%,7-Day: Highly likely,100.0%,14-Day: Highly likely,100.0%,30-Day: Highly likely
104.152.52.139,1,7.0,23.0,93.43%,Today: Highly likely,100.0%,7-Day: Highly likely,100.0%,14-Day: Highly likely,100.0%,30-Day: Highly likely
104.152.52.148,1,6.0,20.0,80.97%,Today: Highly likely,100.0%,7-Day: Highly likely,100.0%,14-Day: Highly likely,100.0%,30-Day: Highly likely
104.152.52.155,1,7.0,23.0,93.43%,Today: Highly likely,100.0%,7-Day: Highly likely,100.0%,14-Day: Highly likely,100.0%,30-Day: Highly likely
104.152.52.212,1,7.0,22.0,92.19%,Today: Highly likely,100.0%,7-Day: Highly likely,100.0%,14-Day: Highly likely,100.0%,30-Day: Highly likely
104.152.52.216,1,7.0,21.0,92.27%,Today: Highly likely,100.0%,7-Day: Highly likely,100.0%,14-Day: Highly likely,100.0%,30-Day: Highly likely
104.152.52.225,1,7.0,23.0,93.43%,Today: Highly likely,100.0%,7-Day: Highly likely,100.0%,14-Day: Highly likely,100.0%,30-Day: Highly likely
104.152.52.237,1,7.0,23.0,93.43%,Today: Highly likely,100.0%,7-Day: Highly likely,100.0%,14-Day: Highly likely,100.0%,30-Day: Highly likely
104.152.52.238,1,7.0,22.0,92.19%,Today: Highly likely,100.0%,7-Day: Highly likely,100.0%,14-Day: Highly likely,100.0%,30-Day: Highly likely
104.152.52.239,1,7.0,22.0,92.19%,Today: Highly likely,100.0%,7-Day: Highly likely,100.0%,14-Day: Highly likely,100.0%,30-Day: Highly likely
104.152.52.242,1,7.0,23.0,93.43%,Today: Highly likely,100.0%,7-Day: Highly likely,100.0%,14-Day: Highly likely,100.0%,30-Day: Highly likely
104.156.155.30,0,4.0,19.0,31.52%,Today: Possibly active,100.0%,7-Day: Highly likely,100.0%,14-Day: Highly likely,100.0%,30-Day: Highly likely
104.156.155.31,1,6.0,19.0,84.82%,Today: Highly likely,100.0%,7-Day: Highly likely,100.0%,14-Day: Highly likely,100.0%,30-Day: Highly likely
104.156.155.35,0,0.0,5.0,0.68%,Today: Low confidence,36.36%,7-Day: Low confidence,99.4%,14-Day: Low confidence,100.0%,30-Day: Low confidence
104.16.230.132,0,0.0,1.0,0.06%,Today: Low confidence,6.48%,7-Day: Low confidence,11.91%,14-Day: Low confidence,40.99%,30-Day: Low confidence
104.16.231.132,0,0.0,1.0,0.06%,Today: Low confidence,6.48%,7-Day: Low confidence,11.91%,14-Day: Low confidence,40.99%,30-Day: Low confidence
104.167.221.114,0,2.0,2.0,16.0%,Today: Possibly active,89.49%,7-Day: Highly likely,97.88%,14-Day: Highly likely,100.0%,30-Day: Highly likely
104.18.32.191,1,7.0,28.0,86.38%,Today: Highly likely,100.0%,7-Day: Highly likely,100.0%,14-Day: Highly likely,100.0%,30-Day: Highly likely
104.192.3.74,0,0.0,0.0,0.03%,Today: Low confidence,0.75%,7-Day: Low confidence,3.38%,14-Day: Low confidence,23.12%,30-Day: Low confidence
104.21.20.66,0,2.0,16.0,4.24%,Today: Low confidence,100.0%,7-Day: Highly likely,100.0%,14-Day: Highly likely,100.0%,30-Day: Highly likely
104.21.3.76,0,6.0,20.0,75.5%,Today: Highly likely,100.0%,7-Day: Highly likely,100.0%,14-Day: Highly likely,100.0%,30-Day: Highly likely
104.21.45.12,0,2.0,12.0,7.96%,Today: Possibly active,100.0%,7-Day: Highly likely,100.0%,14-Day: Highly likely,100.0%,30-Day: Highly likely
104.234.115.162,1,7.0,16.0,94.65%,Today: Highly likely,100.0%,7-Day: Highly likely,100.0%,14-Day: Highly likely,100.0%,30-Day: Highly likely
104.234.115.167,0,5.0,11.0,70.78%,Today: Highly likely,100.0%,7-Day: Highly likely,100.0%,14-Day: Highly likely,100.0%,30-Day: Highly likely
104.234.115.77,1,4.0,4.0,78.48%,Today: Highly likely,98.19%,7-Day: Highly likely,100.0%,14-Day: Highly likely,100.0%,30-Day: Highly likely
104.237.131.164,0,6.0,29.0,72.93%,Today: Highly likely,100.0%,7-Day: Highly likely,100.0%,14-Day: Highly likely,100.0%,30-Day: Highly likely
104.244.79.50,0,6.0,12.0,88.11%,Today: Highly likely,100.0%,7-Day: Highly likely,100.0%,14-Day: Highly likely,100.0%,30-Day: Highly likely
104.247.82.11,0,1.0,3.0,7.4%,Today: Possibly active,84.78%,7-Day: Possibly active,100.0%,14-Day: Possibly active,100.0%,30-Day: Possibly active
104.37.135.145,0,0.0,0.0,0.01%,Today: Low confidence,0.31%,7-Day: Low confidence,1.39%,14-Day: Low confidence,12.96%,30-Day: Low confidence
107.173.166.107,0,0.0,0.0,0.0%,Today: Low confidence,0.07%,7-Day: Low confidence,0.31%,14-Day: Low confidence,1.76%,30-Day: Low confidence
107.174.224.18,1,4.0,4.0,78.48%,Today: Highly likely,98.19%,7-Day: Highly likely,100.0%,14-Day: Highly likely,100.0%,30-Day: Highly likely
107.189.11.181,1,7.0,13.0,95.71%,Today: Highly likely,100.0%,7-Day: Highly likely,100.0%,14-Day: Highly likely,100.0%,30-Day: Highly likely
111.252.109.168,0,0.0,1.0,1.59%,Today: Low confidence,14.87%,7-Day: Low confidence,61.37%,14-Day: Low confidence,74.08%,30-Day: Low confidence
116.122.194.173,0,3.0,18.0,11.5%,Today: Possibly active,100.0%,7-Day: Highly likely,100.0%,14-Day: Highly likely,100.0%,30-Day: Highly likely
116.98.171.207,0,0.0,1.0,0.39%,Today: Low confidence,8.39%,7-Day: Low confidence,21.75%,14-Day: Low confidence,48.17%,30-Day: Low confidence
118.179.198.193,0,6.0,7.0,92.05%,Today: Highly likely,100.0%,7-Day: Highly likely,100.0%,14-Day: Highly likely,100.0%,30-Day: Highly likely
118.193.59.10,1,7.0,23.0,86.53%,Today: Highly likely,100.0%,7-Day: Highly likely,100.0%,14-Day: Highly likely,100.0%,30-Day: Highly likely
118.193.72.187,0,5.0,24.0,42.67%,Today: Possibly active,100.0%,7-Day: Highly likely,100.0%,14-Day: Highly likely,100.0%,30-Day: Highly likely
118.26.111.94,1,4.0,4.0,78.48%,Today: Highly likely,98.19%,7-Day: Highly likely,100.0%,14-Day: Highly likely,100.0%,30-Day: Highly likely
119.8.168.146,0,0.0,6.0,0.89%,Today: Low confidence,41.99%,7-Day: Low confidence,100.0%,14-Day: Low confidence,100.0%,30-Day: Low confidence
121.127.34.150,0,1.0,1.0,12.93%,Today: Possibly active,58.99%,7-Day: Possibly active,65.97%,14-Day: Possibly active,75.06%,30-Day: Possibly active
122.187.101.182,0,0.0,0.0,0.0%,Today: Low confidence,0.0%,7-Day: Low confidence,0.0%,14-Day: Low confidence,0.01%,30-Day: Low confidence
123.136.100.101,0,0.0,0.0,0.0%,Today: Low confidence,0.0%,7-Day: Low confidence,0.0%,14-Day: Low confidence,0.01%,30-Day: Low confidence
128.14.236.99,1,2.0,2.0,21.31%,Today: Possibly active,90.42%,7-Day: Highly likely,98.02%,14-Day: Highly likely,100.0%,30-Day: Highly likely
134.122.117.221,0,0.0,1.0,1.13%,Today: Low confidence,12.56%,7-Day: Low confidence,58.61%,14-Day: Low confidence,73.93%,30-Day: Low confidence
134.122.23.152,0,1.0,1.0,9.46%,Today: Possibly active,57.93%,7-Day: Possibly active,65.59%,14-Day: Possibly active,74.75%,30-Day: Possibly active
137.184.175.72,0,1.0,2.0,4.18%,Today: Low confidence,72.85%,7-Day: Possibly active,96.17%,14-Day: Possibly active,100.0%,30-Day: Possibly active
137.184.92.222,1,1.0,1.0,15.05%,Today: Possibly active,59.4%,7-Day: Possibly active,66.11%,14-Day: Possibly active,75.24%,30-Day: Possibly active
138.197.133.225,0,0.0,0.0,0.01%,Today: Low confidence,0.29%,7-Day: Low confidence,1.26%,14-Day: Low confidence,14.28%,30-Day: Low confidence
138.197.92.73,0,0.0,2.0,0.65%,Today: Low confidence,23.83%,7-Day: Low confidence,86.61%,14-Day: Low confidence,100.0%,30-Day: Low confidence
138.199.43.92,0,0.0,3.0,1.31%,Today: Low confidence,33.73%,7-Day: Low confidence,96.39%,14-Day: Low confidence,100.0%,30-Day: Low confidence
138.199.6.221,0,0.0,0.0,0.0%,Today: Low confidence,0.01%,7-Day: Low confidence,0.01%,14-Day: Low confidence,1.69%,30-Day: Low confidence
139.59.32.169,0,1.0,1.0,9.46%,Today: Possibly active,57.93%,7-Day: Possibly active,65.59%,14-Day: Possibly active,74.75%,30-Day: Possibly active
141.98.10.151,0,0.0,7.0,1.12%,Today: Low confidence,45.67%,7-Day: Low confidence,100.0%,14-Day: Low confidence,100.0%,30-Day: Low confidence
141.98.11.128,0,0.0,2.0,0.23%,Today: Low confidence,16.53%,7-Day: Low confidence,42.34%,14-Day: Low confidence,79.79%,30-Day: Low confidence
141.98.11.145,0,1.0,1.0,12.93%,Today: Possibly active,58.99%,7-Day: Possibly active,65.97%,14-Day: Possibly active,75.06%,30-Day: Possibly active
141.98.11.147,1,4.0,14.0,46.02%,Today: Possibly active,100.0%,7-Day: Highly likely,100.0%,14-Day: Highly likely,100.0%,30-Day: Highly likely
141.98.11.82,0,3.0,10.0,20.07%,Today: Possibly active,100.0%,7-Day: Highly likely,100.0%,14-Day: Highly likely,100.0%,30-Day: Highly likely
141.98.252.143,0,0.0,1.0,0.07%,Today: Low confidence,7.43%,7-Day: Low confidence,16.92%,14-Day: Low confidence,59.15%,30-Day: Low confidence
142.54.229.249,0,0.0,0.0,0.0%,Today: Low confidence,0.0%,7-Day: Low confidence,0.0%,14-Day: Low confidence,0.06%,30-Day: Low confidence
142.93.13.29,0,6.0,9.0,93.51%,Today: Highly likely,100.0%,7-Day: Highly likely,100.0%,14-Day: Highly likely,100.0%,30-Day: Highly likely
143.110.144.97,0,0.0,1.0,1.89%,Today: Low confidence,16.2%,7-Day: Low confidence,62.42%,14-Day: Low confidence,74.15%,30-Day: Low confidence
143.244.47.66,0,0.0,3.0,0.11%,Today: Low confidence,17.89%,7-Day: Low confidence,35.61%,14-Day: Low confidence,78.51%,30-Day: Low confidence
144.76.136.153,0,0.0,0.0,0.04%,Today: Low confidence,0.13%,7-Day: Low confidence,0.31%,14-Day: Low confidence,15.97%,30-Day: Low confidence
146.70.103.228,0,0.0,0.0,0.01%,Today: Low confidence,0.21%,7-Day: Low confidence,0.9%,14-Day: Low confidence,13.98%,30-Day: Low confidence
146.70.117.210,0,3.0,3.0,55.41%,Today: Possibly active,94.98%,7-Day: Highly likely,100.0%,14-Day: Highly likely,100.0%,30-Day: Highly likely
146.70.119.24,0,0.0,1.0,1.34%,Today: Low confidence,13.66%,7-Day: Low confidence,60.1%,14-Day: Low confidence,74.01%,30-Day: Low confidence
146.70.128.227,0,0.0,0.0,0.01%,Today: Low confidence,0.01%,7-Day: Low confidence,0.02%,14-Day: Low confidence,2.57%,30-Day: Low confidence
146.70.165.227,0,2.0,5.0,12.32%,Today: Possibly active,97.36%,7-Day: Highly likely,100.0%,14-Day: Highly likely,100.0%,30-Day: Highly likely
146.70.166.131,0,0.0,2.0,0.05%,Today: Low confidence,12.46%,7-Day: Low confidence,23.93%,14-Day: Low confidence,67.13%,30-Day: Low confidence
146.70.166.176,0,2.0,2.0,18.8%,Today: Possibly active,89.11%,7-Day: Highly likely,97.96%,14-Day: Highly likely,100.0%,30-Day: Highly likely
146.70.168.195,0,1.0,1.0,5.8%,Today: Low confidence,55.58%,7-Day: Possibly active,64.6%,14-Day: Possibly active,74.4%,30-Day: Possibly active
146.70.171.112,0,1.0,5.0,5.22%,Today: Low confidence,90.4%,7-Day: Possibly active,100.0%,14-Day: Possibly active,100.0%,30-Day: Possibly active
146.70.171.67,0,0.0,1.0,0.1%,Today: Low confidence,6.68%,7-Day: Low confidence,12.81%,14-Day: Low confidence,44.33%,30-Day: Low confidence
146.70.171.99,0,1.0,3.0,7.6%,Today: Possibly active,84.38%,7-Day: Possibly active,100.0%,14-Day: Possibly active,100.0%,30-Day: Possibly active
146.70.172.227,0,3.0,3.0,42.29%,Today: Possibly active,94.98%,7-Day: Highly likely,100.0%,14-Day: Highly likely,100.0%,30-Day: Highly likely
146.70.200.3,0,0.0,0.0,0.04%,Today: Low confidence,0.13%,7-Day: Low confidence,0.31%,14-Day: Low confidence,15.97%,30-Day: Low confidence
146.70.211.67,0,2.0,6.0,11.63%,Today: Possibly active,100.0%,7-Day: Highly likely,100.0%,14-Day: Highly likely,100.0%,30-Day: Highly likely
146.70.45.166,1,7.0,30.0,88.77%,Today: Highly likely,100.0%,7-Day: Highly likely,100.0%,14-Day: Highly likely,100.0%,30-Day: Highly likely
148.113.206.49,1,4.0,4.0,78.48%,Today: Highly likely,98.19%,7-Day: Highly likely,100.0%,14-Day: Highly likely,100.0%,30-Day: Highly likely
148.113.8.222,0,3.0,5.0,38.26%,Today: Possibly active,100.0%,7-Day: Highly likely,100.0%,14-Day: Highly likely,100.0%,30-Day: Highly likely
148.153.189.62,1,2.0,2.0,21.31%,Today: Possibly active,90.42%,7-Day: Highly likely,98.02%,14-Day: Highly likely,100.0%,30-Day: Highly likely
149.102.229.181,0,2.0,2.0,17.79%,Today: Possibly active,81.42%,7-Day: Highly likely,97.66%,14-Day: Highly likely,100.0%,30-Day: Highly likely
149.102.246.16,0,0.0,0.0,0.01%,Today: Low confidence,0.03%,7-Day: Low confidence,0.05%,14-Day: Low confidence,5.66%,30-Day: Low confidence
149.102.250.14,0,0.0,0.0,0.0%,Today: Low confidence,0.0%,7-Day: Low confidence,0.0%,14-Day: Low confidence,0.01%,30-Day: Low confidence
149.40.50.113,0,0.0,0.0,0.01%,Today: Low confidence,0.02%,7-Day: Low confidence,0.03%,14-Day: Low confidence,3.86%,30-Day: Low confidence
149.88.22.130,0,0.0,0.0,0.01%,Today: Low confidence,0.02%,7-Day: Low confidence,0.02%,14-Day: Low confidence,3.16%,30-Day: Low confidence
149.88.27.212,0,3.0,13.0,18.43%,Today: Possibly active,100.0%,7-Day: Highly likely,100.0%,14-Day: Highly likely,100.0%,30-Day: Highly likely
15.235.34.88,0,0.0,1.0,0.47%,Today: Low confidence,8.84%,7-Day: Low confidence,23.75%,14-Day: Low confidence,48.35%,30-Day: Low confidence
152.32.243.122,0,0.0,1.0,0.14%,Today: Low confidence,6.9%,7-Day: Low confidence,13.92%,14-Day: Low confidence,45.86%,30-Day: Low confidence
154.214.1.0,0,0.0,0.0,0.0%,Today: Low confidence,0.0%,7-Day: Low confidence,0.0%,14-Day: Low confidence,0.12%,30-Day: Low confidence
154.47.30.137,1,3.0,4.0,37.89%,Today: Possibly active,97.28%,7-Day: Highly likely,100.0%,14-Day: Highly likely,100.0%,30-Day: Highly likely
154.47.30.150,1,4.0,4.0,60.17%,Today: Highly likely,97.99%,7-Day: Highly likely,100.0%,14-Day: Highly likely,100.0%,30-Day: Highly likely
154.64.226.166,0,0.0,1.0,0.28%,Today: Low confidence,11.04%,7-Day: Low confidence,34.07%,14-Day: Low confidence,71.54%,30-Day: Low confidence
155.138.205.35,0,0.0,2.0,0.06%,Today: Low confidence,12.68%,7-Day: Low confidence,24.97%,14-Day: Low confidence,69.45%,30-Day: Low confidence
156.228.112.0,0,0.0,0.0,0.0%,Today: Low confidence,0.02%,7-Day: Low confidence,0.07%,14-Day: Low confidence,0.51%,30-Day: Low confidence
156.228.124.0,0,0.0,1.0,0.06%,Today: Low confidence,7.25%,7-Day: Low confidence,15.95%,14-Day: Low confidence,56.87%,30-Day: Low confidence
156.228.176.0,0,0.0,0.0,0.01%,Today: Low confidence,0.09%,7-Day: Low confidence,0.39%,14-Day: Low confidence,6.09%,30-Day: Low confidence
156.228.76.0,0,0.0,2.0,0.68%,Today: Low confidence,16.25%,7-Day: Low confidence,71.48%,14-Day: Low confidence,100.0%,30-Day: Low confidence
156.228.80.0,0,0.0,0.0,0.01%,Today: Low confidence,0.02%,7-Day: Low confidence,0.03%,14-Day: Low confidence,4.69%,30-Day: Low confidence
157.230.162.215,0,6.0,29.0,72.93%,Today: Highly likely,100.0%,7-Day: Highly likely,100.0%,14-Day: Highly likely,100.0%,30-Day: Highly likely
157.230.221.156,1,7.0,30.0,88.77%,Today: Highly likely,100.0%,7-Day: Highly likely,100.0%,14-Day: Highly likely,100.0%,30-Day: Highly likely
159.223.131.141,0,1.0,1.0,12.93%,Today: Possibly active,58.99%,7-Day: Possibly active,65.97%,14-Day: Possibly active,75.06%,30-Day: Possibly active
160.20.104.81,0,0.0,5.0,0.93%,Today: Low confidence,37.78%,7-Day: Low confidence,99.41%,14-Day: Low confidence,100.0%,30-Day: Low confidence
162.142.125.242,0,0.0,14.0,0.18%,Today: Low confidence,39.49%,7-Day: Low confidence,66.25%,14-Day: Low confidence,84.76%,30-Day: Low confidence
162.142.125.255,0,0.0,0.0,0.01%,Today: Low confidence,0.37%,7-Day: Low confidence,1.68%,14-Day: Low confidence,9.29%,30-Day: Low confidence
162.241.225.237,1,6.0,27.0,73.53%,Today: Highly likely,100.0%,7-Day: Highly likely,100.0%,14-Day: Highly likely,100.0%,30-Day: Highly likely
162.246.17.143,0,0.0,2.0,0.32%,Today: Low confidence,18.46%,7-Day: Low confidence,49.23%,14-Day: Low confidence,80.35%,30-Day: Low confidence
162.247.72.199,0,3.0,9.0,21.85%,Today: Possibly active,100.0%,7-Day: Highly likely,100.0%,14-Day: Highly likely,100.0%,30-Day: Highly likely
165.154.135.215,1,2.0,2.0,21.31%,Today: Possibly active,90.42%,7-Day: Highly likely,98.02%,14-Day: Highly likely,100.0%,30-Day: Highly likely
165.154.241.153,0,3.0,3.0,55.41%,Today: Possibly active,94.98%,7-Day: Highly likely,100.0%,14-Day: Highly likely,100.0%,30-Day: Highly likely
165.154.54.189,1,4.0,4.0,78.48%,Today: Highly likely,98.19%,7-Day: Highly likely,100.0%,14-Day: Highly likely,100.0%,30-Day: Highly likely
165.22.212.94,0,2.0,2.0,16.0%,Today: Possibly active,89.49%,7-Day: Highly likely,97.88%,14-Day: Highly likely,100.0%,30-Day: Highly likely
165.232.138.158,0,1.0,1.0,8.06%,Today: Possibly active,57.26%,7-Day: Possibly active,65.33%,14-Day: Possibly active,74.62%,30-Day: Possibly active
165.232.153.27,0,0.0,0.0,0.02%,Today: Low confidence,0.4%,7-Day: Low confidence,1.75%,14-Day: Low confidence,19.02%,30-Day: Low confidence
165.232.161.174,0,2.0,2.0,10.1%,Today: Possibly active,86.62%,7-Day: Highly likely,97.47%,14-Day: Highly likely,100.0%,30-Day: Highly likely
167.172.245.102,1,1.0,1.0,15.05%,Today: Possibly active,59.4%,7-Day: Possibly active,66.11%,14-Day: Possibly active,75.24%,30-Day: Possibly active
167.99.214.123,1,1.0,1.0,15.05%,Today: Possibly active,59.4%,7-Day: Possibly active,66.11%,14-Day: Possibly active,75.24%,30-Day: Possibly active
169.150.203.29,0,1.0,6.0,2.95%,Today: Low confidence,87.48%,7-Day: Possibly active,100.0%,14-Day: Possibly active,100.0%,30-Day: Possibly active
169.150.203.51,0,0.0,1.0,0.98%,Today: Low confidence,13.14%,7-Day: Low confidence,64.62%,14-Day: Low confidence,90.63%,30-Day: Low confidence
169.150.223.208,0,4.0,21.0,27.19%,Today: Possibly active,100.0%,7-Day: Highly likely,100.0%,14-Day: Highly likely,100.0%,30-Day: Highly likely
169.150.227.205,0,2.0,2.0,18.55%,Today: Possibly active,78.23%,7-Day: Highly likely,96.96%,14-Day: Highly likely,100.0%,30-Day: Highly likely
169.150.227.230,1,3.0,3.0,59.7%,Today: Possibly active,95.0%,7-Day: Highly likely,100.0%,14-Day: Highly likely,100.0%,30-Day: Highly likely
171.25.193.20,1,6.0,29.0,66.36%,Today: Highly likely,100.0%,7-Day: Highly likely,100.0%,14-Day: Highly likely,100.0%,30-Day: Highly likely
171.25.193.235,0,0.0,11.0,0.14%,Today: Low confidence,34.58%,7-Day: Low confidence,58.12%,14-Day: Low confidence,84.65%,30-Day: Low confidence
171.25.193.78,0,0.0,0.0,0.0%,Today: Low confidence,0.11%,7-Day: Low confidence,0.47%,14-Day: Low confidence,8.08%,30-Day: Low confidence
172.172.143.118,0,0.0,3.0,0.44%,Today: Low confidence,24.06%,7-Day: Low confidence,58.32%,14-Day: Low confidence,82.72%,30-Day: Low confidence
172.240.108.68,1,7.0,30.0,88.77%,Today: Highly likely,100.0%,7-Day: Highly likely,100.0%,14-Day: Highly likely,100.0%,30-Day: Highly likely
172.98.33.195,1,7.0,30.0,88.77%,Today: Highly likely,100.0%,7-Day: Highly likely,100.0%,14-Day: Highly likely,100.0%,30-Day: Highly likely
173.44.118.38,0,0.0,0.0,0.0%,Today: Low confidence,0.0%,7-Day: Low confidence,0.0%,14-Day: Low confidence,0.01%,30-Day: Low confidence
176.114.0.120,0,0.0,1.0,0.03%,Today: Low confidence,6.73%,7-Day: Low confidence,13.35%,14-Day: Low confidence,45.32%,30-Day: Low confidence
176.56.104.133,0,0.0,0.0,0.0%,Today: Low confidence,0.0%,7-Day: Low confidence,0.0%,14-Day: Low confidence,0.0%,30-Day: Low confidence
176.58.100.98,0,1.0,2.0,8.5%,Today: Possibly active,79.51%,7-Day: Possibly active,97.59%,14-Day: Possibly active,100.0%,30-Day: Possibly active
176.65.141.113,0,1.0,1.0,9.46%,Today: Possibly active,57.93%,7-Day: Possibly active,65.59%,14-Day: Possibly active,74.75%,30-Day: Possibly active
176.65.144.243,0,1.0,1.0,9.46%,Today: Possibly active,57.93%,7-Day: Possibly active,65.59%,14-Day: Possibly active,74.75%,30-Day: Possibly active
176.65.148.234,1,4.0,4.0,78.48%,Today: Highly likely,98.19%,7-Day: Highly likely,100.0%,14-Day: Highly likely,100.0%,30-Day: Highly likely
176.65.148.236,1,4.0,4.0,78.48%,Today: Highly likely,98.19%,7-Day: Highly likely,100.0%,14-Day: Highly likely,100.0%,30-Day: Highly likely
176.65.148.250,0,3.0,9.0,20.33%,Today: Possibly active,100.0%,7-Day: Highly likely,100.0%,14-Day: Highly likely,100.0%,30-Day: Highly likely
176.65.148.52,1,2.0,2.0,21.31%,Today: Possibly active,90.42%,7-Day: Highly likely,98.02%,14-Day: Highly likely,100.0%,30-Day: Highly likely
176.65.149.182,1,7.0,16.0,96.23%,Today: Highly likely,100.0%,7-Day: Highly likely,100.0%,14-Day: Highly likely,100.0%,30-Day: Highly likely
177.124.51.186,0,0.0,1.0,0.67%,Today: Low confidence,10.01%,7-Day: Low confidence,52.95%,14-Day: Low confidence,73.64%,30-Day: Low confidence
178.20.55.16,0,0.0,0.0,0.01%,Today: Low confidence,0.32%,7-Day: Low confidence,1.44%,14-Day: Low confidence,8.04%,30-Day: Low confidence
179.43.161.218,1,4.0,4.0,78.48%,Today: Highly likely,98.19%,7-Day: Highly likely,100.0%,14-Day: Highly likely,100.0%,30-Day: Highly likely
179.43.180.114,0,0.0,3.0,0.63%,Today: Low confidence,26.93%,7-Day: Low confidence,89.59%,14-Day: Low confidence,100.0%,30-Day: Low confidence
18.117.57.162,1,4.0,4.0,78.48%,Today: Highly likely,98.19%,7-Day: Highly likely,100.0%,14-Day: Highly likely,100.0%,30-Day: Highly likely
18.141.184.212,0,0.0,1.0,0.56%,Today: Low confidence,9.38%,7-Day: Low confidence,25.84%,14-Day: Low confidence,48.51%,30-Day: Low confidence
18.221.137.47,1,7.0,18.0,95.58%,Today: Highly likely,100.0%,7-Day: Highly likely,100.0%,14-Day: Highly likely,100.0%,30-Day: Highly likely
18.223.104.85,1,7.0,18.0,95.58%,Today: Highly likely,100.0%,7-Day: Highly likely,100.0%,14-Day: Highly likely,100.0%,30-Day: Highly likely
18.232.92.147,0,0.0,0.0,0.0%,Today: Low confidence,0.01%,7-Day: Low confidence,0.01%,14-Day: Low confidence,2.09%,30-Day: Low confidence
180.214.238.62,0,4.0,8.0,51.0%,Today: Possibly active,100.0%,7-Day: Highly likely,100.0%,14-Day: Highly likely,100.0%,30-Day: Highly likely
183.108.86.173,1,5.0,5.0,89.97%,Today: Highly likely,100.0%,7-Day: Highly likely,100.0%,14-Day: Highly likely,100.0%,30-Day: Highly likely
184.95.51.10,0,0.0,0.0,0.0%,Today: Low confidence,0.0%,7-Day: Low confidence,0.0%,14-Day: Low confidence,0.23%,30-Day: Low confidence
185.100.85.132,0,0.0,5.0,0.55%,Today: Low confidence,33.24%,7-Day: Low confidence,95.81%,14-Day: Low confidence,100.0%,30-Day: Low confidence
185.100.87.139,0,0.0,0.0,0.0%,Today: Low confidence,0.06%,7-Day: Low confidence,0.26%,14-Day: Low confidence,1.5%,30-Day: Low confidence
185.12.59.118,0,1.0,6.0,3.89%,Today: Low confidence,93.18%,7-Day: Possibly active,100.0%,14-Day: Possibly active,100.0%,30-Day: Possibly active
185.129.61.129,0,1.0,2.0,6.79%,Today: Low confidence,81.62%,7-Day: Possibly active,97.6%,14-Day: Possibly active,100.0%,30-Day: Possibly active
185.129.62.63,0,0.0,12.0,0.14%,Today: Low confidence,35.8%,7-Day: Low confidence,60.77%,14-Day: Low confidence,84.8%,30-Day: Low confidence
185.130.156.7,0,0.0,0.0,0.0%,Today: Low confidence,0.0%,7-Day: Low confidence,0.0%,14-Day: Low confidence,0.0%,30-Day: Low confidence
185.154.147.16,0,0.0,0.0,0.0%,Today: Low confidence,0.0%,7-Day: Low confidence,0.0%,14-Day: Low confidence,0.01%,30-Day: Low confidence
185.156.46.141,0,4.0,7.0,57.61%,Today: Possibly active,100.0%,7-Day: Highly likely,100.0%,14-Day: Highly likely,100.0%,30-Day: Highly likely
185.156.46.144,0,1.0,5.0,4.18%,Today: Low confidence,88.46%,7-Day: Possibly active,100.0%,14-Day: Possibly active,100.0%,30-Day: Possibly active
185.156.46.157,0,0.0,1.0,0.95%,Today: Low confidence,11.59%,7-Day: Low confidence,56.89%,14-Day: Low confidence,73.84%,30-Day: Low confidence
185.169.4.150,0,1.0,1.0,12.93%,Today: Possibly active,58.99%,7-Day: Possibly active,65.97%,14-Day: Possibly active,75.06%,30-Day: Possibly active
185.174.102.183,1,1.0,1.0,15.05%,Today: Possibly active,59.4%,7-Day: Possibly active,66.11%,14-Day: Possibly active,75.24%,30-Day: Possibly active
185.188.61.196,0,0.0,0.0,0.04%,Today: Low confidence,0.13%,7-Day: Low confidence,0.31%,14-Day: Low confidence,15.97%,30-Day: Low confidence
185.195.19.207,0,3.0,5.0,32.9%,Today: Possibly active,100.0%,7-Day: Highly likely,100.0%,14-Day: Highly likely,100.0%,30-Day: Highly likely
185.208.158.132,0,0.0,3.0,0.44%,Today: Low confidence,24.06%,7-Day: Low confidence,58.32%,14-Day: Low confidence,82.72%,30-Day: Low confidence
185.213.155.241,0,3.0,3.0,55.41%,Today: Possibly active,94.98%,7-Day: Highly likely,100.0%,14-Day: Highly likely,100.0%,30-Day: Highly likely
185.214.220.7,0,0.0,0.0,0.0%,Today: Low confidence,0.0%,7-Day: Low confidence,0.0%,14-Day: Low confidence,0.0%,30-Day: Low confidence
185.220.100.240,0,0.0,0.0,0.0%,Today: Low confidence,0.04%,7-Day: Low confidence,0.17%,14-Day: Low confidence,2.19%,30-Day: Low confidence
185.220.101.185,0,0.0,10.0,0.6%,Today: Low confidence,47.01%,7-Day: Low confidence,100.0%,14-Day: Low confidence,100.0%,30-Day: Low confidence
185.227.152.113,1,3.0,3.0,59.7%,Today: Possibly active,95.0%,7-Day: Highly likely,100.0%,14-Day: Highly likely,100.0%,30-Day: Highly likely
185.230.63.171,0,0.0,21.0,0.35%,Today: Low confidence,54.28%,7-Day: Low confidence,100.0%,14-Day: Low confidence,100.0%,30-Day: Low confidence
185.242.226.80,0,0.0,1.0,1.89%,Today: Low confidence,16.2%,7-Day: Low confidence,62.42%,14-Day: Low confidence,74.15%,30-Day: Low confidence
185.248.85.14,0,1.0,3.0,5.97%,Today: Low confidence,85.87%,7-Day: Possibly active,100.0%,14-Day: Possibly active,100.0%,30-Day: Possibly active
185.65.134.75,0,3.0,6.0,28.4%,Today: Possibly active,100.0%,7-Day: Highly likely,100.0%,14-Day: Highly likely,100.0%,30-Day: Highly likely
185.65.134.76,0,0.0,0.0,0.01%,Today: Low confidence,0.04%,7-Day: Low confidence,0.06%,14-Day: Low confidence,6.77%,30-Day: Low confidence
187.141.210.92,0,0.0,1.0,1.34%,Today: Low confidence,13.66%,7-Day: Low confidence,60.1%,14-Day: Low confidence,74.01%,30-Day: Low confidence
190.120.0.154,1,7.0,9.0,97.87%,Today: Highly likely,100.0%,7-Day: Highly likely,100.0%,14-Day: Highly likely,100.0%,30-Day: Highly likely
190.202.131.222,1,7.0,9.0,97.87%,Today: Highly likely,100.0%,7-Day: Highly likely,100.0%,14-Day: Highly likely,100.0%,30-Day: Highly likely
190.211.255.218,0,0.0,4.0,0.48%,Today: Low confidence,29.11%,7-Day: Low confidence,90.78%,14-Day: Low confidence,100.0%,30-Day: Low confidence
190.92.174.129,0,2.0,4.0,20.22%,Today: Possibly active,96.23%,7-Day: Highly likely,100.0%,14-Day: Highly likely,100.0%,30-Day: Highly likely
190.92.174.130,0,2.0,11.0,7.14%,Today: Possibly active,100.0%,7-Day: Highly likely,100.0%,14-Day: Highly likely,100.0%,30-Day: Highly likely
190.92.174.30,1,2.0,7.0,14.68%,Today: Possibly active,100.0%,7-Day: Highly likely,100.0%,14-Day: Highly likely,100.0%,30-Day: Highly likely
190.92.174.36,1,6.0,20.0,77.4%,Today: Highly likely,100.0%,7-Day: Highly likely,100.0%,14-Day: Highly likely,100.0%,30-Day: Highly likely
190.92.174.45,0,0.0,2.0,0.83%,Today: Low confidence,20.32%,7-Day: Low confidence,79.95%,14-Day: Low confidence,100.0%,30-Day: Low confidence
190.92.174.48,0,0.0,3.0,0.32%,Today: Low confidence,21.23%,7-Day: Low confidence,51.47%,14-Day: Low confidence,82.75%,30-Day: Low confidence
190.92.174.50,0,0.0,5.0,0.58%,Today: Low confidence,33.37%,7-Day: Low confidence,96.2%,14-Day: Low confidence,100.0%,30-Day: Low confidence
190.92.174.87,0,2.0,10.0,8.11%,Today: Possibly active,100.0%,7-Day: Highly likely,100.0%,14-Day: Highly likely,100.0%,30-Day: Highly likely
190.92.174.92,0,1.0,4.0,7.87%,Today: Possibly active,89.76%,7-Day: Possibly active,100.0%,14-Day: Possibly active,100.0%,30-Day: Possibly active
190.92.174.98,0,0.0,2.0,0.83%,Today: Low confidence,22.5%,7-Day: Low confidence,85.13%,14-Day: Low confidence,100.0%,30-Day: Low confidence
191.96.227.137,0,0.0,4.0,0.58%,Today: Low confidence,30.3%,7-Day: Low confidence,93.38%,14-Day: Low confidence,100.0%,30-Day: Low confidence
192.124.249.112,1,7.0,30.0,88.77%,Today: Highly likely,100.0%,7-Day: Highly likely,100.0%,14-Day: Highly likely,100.0%,30-Day: Highly likely
192.155.84.28,1,7.0,29.0,87.12%,Today: Highly likely,100.0%,7-Day: Highly likely,100.0%,14-Day: Highly likely,100.0%,30-Day: Highly likely
192.166.244.248,0,0.0,1.0,0.38%,Today: Low confidence,10.15%,7-Day: Low confidence,32.64%,14-Day: Low confidence,69.19%,30-Day: Low confidence
192.200.148.241,0,2.0,7.0,12.36%,Today: Possibly active,100.0%,7-Day: Highly likely,100.0%,14-Day: Highly likely,100.0%,30-Day: Highly likely
192.200.148.242,1,4.0,8.0,55.26%,Today: Possibly active,100.0%,7-Day: Highly likely,100.0%,14-Day: Highly likely,100.0%,30-Day: Highly likely
193.105.73.21,1,5.0,13.0,63.4%,Today: Highly likely,100.0%,7-Day: Highly likely,100.0%,14-Day: Highly likely,100.0%,30-Day: Highly likely
193.138.7.158,0,0.0,1.0,1.34%,Today: Low confidence,13.66%,7-Day: Low confidence,60.1%,14-Day: Low confidence,74.01%,30-Day: Low confidence
193.163.125.103,1,7.0,23.0,93.43%,Today: Highly likely,100.0%,7-Day: Highly likely,100.0%,14-Day: Highly likely,100.0%,30-Day: Highly likely
193.163.125.107,1,7.0,9.0,97.87%,Today: Highly likely,100.0%,7-Day: Highly likely,100.0%,14-Day: Highly likely,100.0%,30-Day: Highly likely
193.163.125.108,1,4.0,4.0,78.48%,Today: Highly likely,98.19%,7-Day: Highly likely,100.0%,14-Day: Highly likely,100.0%,30-Day: Highly likely
193.163.125.115,1,4.0,4.0,78.48%,Today: Highly likely,98.19%,7-Day: Highly likely,100.0%,14-Day: Highly likely,100.0%,30-Day: Highly likely
193.163.125.121,1,7.0,16.0,96.23%,Today: Highly likely,100.0%,7-Day: Highly likely,100.0%,14-Day: Highly likely,100.0%,30-Day: Highly likely
193.163.125.127,1,7.0,9.0,97.87%,Today: Highly likely,100.0%,7-Day: Highly likely,100.0%,14-Day: Highly likely,100.0%,30-Day: Highly likely
193.163.125.143,1,7.0,23.0,93.43%,Today: Highly likely,100.0%,7-Day: Highly likely,100.0%,14-Day: Highly likely,100.0%,30-Day: Highly likely
193.163.125.149,1,7.0,9.0,97.87%,Today: Highly likely,100.0%,7-Day: Highly likely,100.0%,14-Day: Highly likely,100.0%,30-Day: Highly likely
193.163.125.153,1,7.0,9.0,97.87%,Today: Highly likely,100.0%,7-Day: Highly likely,100.0%,14-Day: Highly likely,100.0%,30-Day: Highly likely
193.163.125.178,1,7.0,9.0,97.87%,Today: Highly likely,100.0%,7-Day: Highly likely,100.0%,14-Day: Highly likely,100.0%,30-Day: Highly likely
193.163.125.191,1,7.0,16.0,96.23%,Today: Highly likely,100.0%,7-Day: Highly likely,100.0%,14-Day: Highly likely,100.0%,30-Day: Highly likely
193.163.125.206,1,7.0,16.0,96.23%,Today: Highly likely,100.0%,7-Day: Highly likely,100.0%,14-Day: Highly likely,100.0%,30-Day: Highly likely
193.163.125.226,1,7.0,23.0,93.43%,Today: Highly likely,100.0%,7-Day: Highly likely,100.0%,14-Day: Highly likely,100.0%,30-Day: Highly likely
193.163.125.244,1,7.0,9.0,97.87%,Today: Highly likely,100.0%,7-Day: Highly likely,100.0%,14-Day: Highly likely,100.0%,30-Day: Highly likely
193.163.125.31,1,7.0,9.0,97.87%,Today: Highly likely,100.0%,7-Day: Highly likely,100.0%,14-Day: Highly likely,100.0%,30-Day: Highly likely
193.163.125.39,1,7.0,9.0,97.87%,Today: Highly likely,100.0%,7-Day: Highly likely,100.0%,14-Day: Highly likely,100.0%,30-Day: Highly likely
193.163.125.42,1,7.0,9.0,97.87%,Today: Highly likely,100.0%,7-Day: Highly likely,100.0%,14-Day: Highly likely,100.0%,30-Day: Highly likely
193.163.125.45,1,7.0,9.0,97.87%,Today: Highly likely,100.0%,7-Day: Highly likely,100.0%,14-Day: Highly likely,100.0%,30-Day: Highly likely
193.163.125.47,1,7.0,23.0,93.43%,Today: Highly likely,100.0%,7-Day: Highly likely,100.0%,14-Day: Highly likely,100.0%,30-Day: Highly likely
193.163.125.49,1,7.0,9.0,97.87%,Today: Highly likely,100.0%,7-Day: Highly likely,100.0%,14-Day: Highly likely,100.0%,30-Day: Highly likely
193.163.125.51,1,7.0,9.0,97.87%,Today: Highly likely,100.0%,7-Day: Highly likely,100.0%,14-Day: Highly likely,100.0%,30-Day: Highly likely
193.163.125.52,1,7.0,9.0,97.87%,Today: Highly likely,100.0%,7-Day: Highly likely,100.0%,14-Day: Highly likely,100.0%,30-Day: Highly likely
193.163.125.71,1,7.0,23.0,93.43%,Today: Highly likely,100.0%,7-Day: Highly likely,100.0%,14-Day: Highly likely,100.0%,30-Day: Highly likely
193.163.125.74,1,7.0,9.0,97.87%,Today: Highly likely,100.0%,7-Day: Highly likely,100.0%,14-Day: Highly likely,100.0%,30-Day: Highly likely
193.163.125.75,1,7.0,9.0,97.87%,Today: Highly likely,100.0%,7-Day: Highly likely,100.0%,14-Day: Highly likely,100.0%,30-Day: Highly likely
193.163.125.76,1,7.0,16.0,96.23%,Today: Highly likely,100.0%,7-Day: Highly likely,100.0%,14-Day: Highly likely,100.0%,30-Day: Highly likely
193.174.89.19,0,1.0,1.0,11.08%,Today: Possibly active,58.5%,7-Day: Possibly active,65.8%,14-Day: Possibly active,74.89%,30-Day: Possibly active
193.238.157.16,1,1.0,4.0,10.69%,Today: Possibly active,93.05%,7-Day: Possibly active,100.0%,14-Day: Possibly active,100.0%,30-Day: Possibly active
193.24.211.30,0,3.0,10.0,26.82%,Today: Possibly active,100.0%,7-Day: Highly likely,100.0%,14-Day: Highly likely,100.0%,30-Day: Highly likely
193.32.162.104,0,3.0,3.0,55.41%,Today: Possibly active,94.98%,7-Day: Highly likely,100.0%,14-Day: Highly likely,100.0%,30-Day: Highly likely
193.32.162.21,0,2.0,6.0,11.2%,Today: Possibly active,100.0%,7-Day: Highly likely,100.0%,14-Day: Highly likely,100.0%,30-Day: Highly likely
193.32.162.96,1,7.0,9.0,97.87%,Today: Highly likely,100.0%,7-Day: Highly likely,100.0%,14-Day: Highly likely,100.0%,30-Day: Highly likely
193.34.212.110,0,0.0,1.0,0.33%,Today: Low confidence,8.01%,7-Day: Low confidence,19.91%,14-Day: Low confidence,47.94%,30-Day: Low confidence
194.127.199.3,0,0.0,1.0,0.95%,Today: Low confidence,11.59%,7-Day: Low confidence,56.89%,14-Day: Low confidence,73.84%,30-Day: Low confidence
194.163.159.240,0,0.0,3.0,0.78%,Today: Low confidence,28.32%,7-Day: Low confidence,90.23%,14-Day: Low confidence,100.0%,30-Day: Low confidence
194.180.49.218,0,0.0,0.0,0.0%,Today: Low confidence,0.07%,7-Day: Low confidence,0.33%,14-Day: Low confidence,2.52%,30-Day: Low confidence
194.180.49.219,0,0.0,0.0,0.0%,Today: Low confidence,0.09%,7-Day: Low confidence,0.41%,14-Day: Low confidence,2.68%,30-Day: Low confidence
194.180.49.70,0,0.0,0.0,0.0%,Today: Low confidence,0.13%,7-Day: Low confidence,0.57%,14-Day: Low confidence,3.26%,30-Day: Low confidence
194.180.49.71,0,0.0,0.0,0.0%,Today: Low confidence,0.09%,7-Day: Low confidence,0.41%,14-Day: Low confidence,2.68%,30-Day: Low confidence
194.180.49.76,0,2.0,6.0,10.45%,Today: Possibly active,100.0%,7-Day: Highly likely,100.0%,14-Day: Highly likely,100.0%,30-Day: Highly likely
194.230.144.50,0,0.0,0.0,0.01%,Today: Low confidence,0.03%,7-Day: Low confidence,0.05%,14-Day: Low confidence,5.66%,30-Day: Low confidence
194.230.148.99,0,0.0,1.0,0.05%,Today: Low confidence,6.44%,7-Day: Low confidence,11.73%,14-Day: Low confidence,39.59%,30-Day: Low confidence
194.230.158.107,0,0.0,0.0,0.01%,Today: Low confidence,0.01%,7-Day: Low confidence,0.02%,14-Day: Low confidence,2.57%,30-Day: Low confidence
194.230.160.5,0,0.0,0.0,0.04%,Today: Low confidence,0.13%,7-Day: Low confidence,0.31%,14-Day: Low confidence,15.97%,30-Day: Low confidence
194.26.192.77,0,0.0,1.0,1.89%,Today: Low confidence,16.2%,7-Day: Low confidence,62.42%,14-Day: Low confidence,74.15%,30-Day: Low confidence
194.5.53.206,1,3.0,9.0,27.25%,Today: Possibly active,100.0%,7-Day: Highly likely,100.0%,14-Day: Highly likely,100.0%,30-Day: Highly likely
195.3.221.137,1,4.0,4.0,78.48%,Today: Highly likely,98.19%,7-Day: Highly likely,100.0%,14-Day: Highly likely,100.0%,30-Day: Highly likely
195.35.44.98,0,2.0,2.0,18.5%,Today: Possibly active,90.04%,7-Day: Highly likely,97.96%,14-Day: Highly likely,100.0%,30-Day: Highly likely
195.47.238.176,0,0.0,0.0,0.0%,Today: Low confidence,0.04%,7-Day: Low confidence,0.17%,14-Day: Low confidence,0.94%,30-Day: Low confidence
196.251.115.46,1,2.0,2.0,21.31%,Today: Possibly active,90.42%,7-Day: Highly likely,98.02%,14-Day: Highly likely,100.0%,30-Day: Highly likely
196.251.69.91,1,7.0,17.0,89.55%,Today: Highly likely,100.0%,7-Day: Highly likely,100.0%,14-Day: Highly likely,100.0%,30-Day: Highly likely
196.251.70.76,0,3.0,6.0,31.79%,Today: Possibly active,100.0%,7-Day: Highly likely,100.0%,14-Day: Highly likely,100.0%,30-Day: Highly likely
196.251.70.87,0,0.0,3.0,0.78%,Today: Low confidence,28.32%,7-Day: Low confidence,90.23%,14-Day: Low confidence,100.0%,30-Day: Low confidence
196.251.72.29,1,3.0,5.0,34.17%,Today: Possibly active,100.0%,7-Day: Highly likely,100.0%,14-Day: Highly likely,100.0%,30-Day: Highly likely
196.251.73.102,0,0.0,1.0,0.39%,Today: Low confidence,8.39%,7-Day: Low confidence,21.75%,14-Day: Low confidence,48.17%,30-Day: Low confidence
196.251.73.96,1,4.0,4.0,78.48%,Today: Highly likely,98.19%,7-Day: Highly likely,100.0%,14-Day: Highly likely,100.0%,30-Day: Highly likely
196.251.83.136,1,7.0,22.0,92.19%,Today: Highly likely,100.0%,7-Day: Highly likely,100.0%,14-Day: Highly likely,100.0%,30-Day: Highly likely
196.251.83.76,1,4.0,13.0,45.95%,Today: Possibly active,100.0%,7-Day: Highly likely,100.0%,14-Day: Highly likely,100.0%,30-Day: Highly likely
196.251.86.80,0,1.0,1.0,9.46%,Today: Possibly active,57.93%,7-Day: Possibly active,65.59%,14-Day: Possibly active,74.75%,30-Day: Possibly active
196.251.87.59,1,7.0,11.0,96.5%,Today: Highly likely,100.0%,7-Day: Highly likely,100.0%,14-Day: Highly likely,100.0%,30-Day: Highly likely
196.251.88.89,0,0.0,4.0,0.6%,Today: Low confidence,31.47%,7-Day: Low confidence,94.8%,14-Day: Low confidence,100.0%,30-Day: Low confidence
198.105.125.74,0,0.0,3.0,1.16%,Today: Low confidence,30.52%,7-Day: Low confidence,95.73%,14-Day: Low confidence,100.0%,30-Day: Low confidence
198.251.88.248,0,0.0,5.0,0.66%,Today: Low confidence,34.24%,7-Day: Low confidence,95.06%,14-Day: Low confidence,100.0%,30-Day: Low confidence
198.38.83.34,0,0.0,1.0,0.05%,Today: Low confidence,6.44%,7-Day: Low confidence,11.73%,14-Day: Low confidence,39.59%,30-Day: Low confidence
198.38.84.58,0,3.0,12.0,14.21%,Today: Possibly active,100.0%,7-Day: Highly likely,100.0%,14-Day: Highly likely,100.0%,30-Day: Highly likely
198.44.129.82,1,3.0,4.0,37.57%,Today: Possibly active,97.53%,7-Day: Highly likely,100.0%,14-Day: Highly likely,100.0%,30-Day: Highly likely
198.44.129.99,1,2.0,5.0,18.44%,Today: Possibly active,99.28%,7-Day: Highly likely,100.0%,14-Day: Highly likely,100.0%,30-Day: Highly likely
198.44.136.35,0,0.0,0.0,0.01%,Today: Low confidence,0.28%,7-Day: Low confidence,1.27%,14-Day: Low confidence,10.87%,30-Day: Low confidence
198.44.136.99,0,0.0,0.0,0.01%,Today: Low confidence,0.02%,7-Day: Low confidence,0.03%,14-Day: Low confidence,3.86%,30-Day: Low confidence
198.55.98.76,1,5.0,14.0,71.82%,Today: Highly likely,100.0%,7-Day: Highly likely,100.0%,14-Day: Highly likely,100.0%,30-Day: Highly likely
198.96.155.3,1,5.0,14.0,68.69%,Today: Highly likely,100.0%,7-Day: Highly likely,100.0%,14-Day: Highly likely,100.0%,30-Day: Highly likely
198.98.54.209,0,0.0,0.0,0.0%,Today: Low confidence,0.0%,7-Day: Low confidence,0.0%,14-Day: Low confidence,0.01%,30-Day: Low confidence
2-can.njalla.in,0,1.0,1.0,12.93%,Today: Possibly active,58.99%,7-Day: Possibly active,65.97%,14-Day: Possibly active,75.06%,30-Day: Possibly active
200.21.254.245,0,2.0,7.0,11.01%,Today: Possibly active,100.0%,7-Day: Highly likely,100.0%,14-Day: Highly likely,100.0%,30-Day: Highly likely
202.131.82.186,0,0.0,0.0,0.01%,Today: Low confidence,0.23%,7-Day: Low confidence,1.01%,14-Day: Low confidence,9.71%,30-Day: Low confidence
203.160.68.12,0,0.0,0.0,0.0%,Today: Low confidence,0.01%,7-Day: Low confidence,0.01%,14-Day: Low confidence,2.09%,30-Day: Low confidence
203.160.86.69,0,0.0,0.0,0.0%,Today: Low confidence,0.0%,7-Day: Low confidence,0.0%,14-Day: Low confidence,0.0%,30-Day: Low confidence
203.160.86.94,0,0.0,1.0,0.07%,Today: Low confidence,6.53%,7-Day: Low confidence,12.13%,14-Day: Low confidence,42.25%,30-Day: Low confidence
203.205.6.137,0,0.0,0.0,0.0%,Today: Low confidence,0.05%,7-Day: Low confidence,0.24%,14-Day: Low confidence,2.02%,30-Day: Low confidence
203.239.31.150,0,0.0,0.0,0.0%,Today: Low confidence,0.0%,7-Day: Low confidence,0.02%,14-Day: Low confidence,0.08%,30-Day: Low confidence
204.188.208.138,0,3.0,3.0,40.73%,Today: Possibly active,94.96%,7-Day: Highly likely,100.0%,14-Day: Highly likely,100.0%,30-Day: Highly likely
204.194.29.4,0,1.0,7.0,2.19%,Today: Low confidence,86.91%,7-Day: Possibly active,100.0%,14-Day: Possibly active,100.0%,30-Day: Possibly active
204.76.203.201,0,1.0,1.0,9.46%,Today: Possibly active,57.93%,7-Day: Possibly active,65.59%,14-Day: Possibly active,74.75%,30-Day: Possibly active
204.76.203.206,1,7.0,18.0,95.58%,Today: Highly likely,100.0%,7-Day: Highly likely,100.0%,14-Day: Highly likely,100.0%,30-Day: Highly likely
204.76.203.208,0,0.0,2.0,0.27%,Today: Low confidence,17.14%,7-Day: Low confidence,45.06%,14-Day: Low confidence,80.06%,30-Day: Low confidence
204.76.203.212,1,7.0,18.0,95.58%,Today: Highly likely,100.0%,7-Day: Highly likely,100.0%,14-Day: Highly likely,100.0%,30-Day: Highly likely
204.76.203.219,1,7.0,18.0,95.58%,Today: Highly likely,100.0%,7-Day: Highly likely,100.0%,14-Day: Highly likely,100.0%,30-Day: Highly likely
206.189.179.202,0,4.0,7.0,49.62%,Today: Possibly active,100.0%,7-Day: Highly likely,100.0%,14-Day: Highly likely,100.0%,30-Day: Highly likely
206.217.206.68,0,0.0,8.0,0.51%,Today: Low confidence,39.51%,7-Day: Low confidence,97.74%,14-Day: Low confidence,100.0%,30-Day: Low confidence
207.148.0.54,0,0.0,2.0,0.06%,Today: Low confidence,12.68%,7-Day: Low confidence,24.97%,14-Day: Low confidence,69.45%,30-Day: Low confidence
208.87.233.190,0,0.0,0.0,0.0%,Today: Low confidence,0.04%,7-Day: Low confidence,0.17%,14-Day: Low confidence,0.94%,30-Day: Low confidence
209.141.35.136,1,4.0,4.0,78.48%,Today: Highly likely,98.19%,7-Day: Highly likely,100.0%,14-Day: Highly likely,100.0%,30-Day: Highly likely
211.38.170.163,1,2.0,2.0,21.31%,Today: Possibly active,90.42%,7-Day: Highly likely,98.02%,14-Day: Highly likely,100.0%,30-Day: Highly likely
213.136.68.40,0,1.0,8.0,2.79%,Today: Low confidence,93.91%,7-Day: Possibly active,100.0%,14-Day: Possibly active,100.0%,30-Day: Possibly active
213.207.184.98,0,0.0,0.0,0.0%,Today: Low confidence,0.0%,7-Day: Low confidence,0.0%,14-Day: Low confidence,0.01%,30-Day: Low confidence
213.209.129.21,0,0.0,5.0,0.73%,Today: Low confidence,38.08%,7-Day: Low confidence,100.0%,14-Day: Low confidence,100.0%,30-Day: Low confidence
213.209.143.38,0,2.0,9.0,11.75%,Today: Possibly active,100.0%,7-Day: Highly likely,100.0%,14-Day: Highly likely,100.0%,30-Day: Highly likely
216.131.120.90,1,2.0,15.0,8.94%,Today: Possibly active,100.0%,7-Day: Highly likely,100.0%,14-Day: Highly likely,100.0%,30-Day: Highly likely
216.131.120.91,0,4.0,15.0,37.3%,Today: Possibly active,100.0%,7-Day: Highly likely,100.0%,14-Day: Highly likely,100.0%,30-Day: Highly likely
216.131.72.131,0,0.0,10.0,0.48%,Today: Low confidence,46.3%,7-Day: Low confidence,100.0%,14-Day: Low confidence,100.0%,30-Day: Low confidence
216.131.84.178,0,0.0,7.0,0.49%,Today: Low confidence,37.37%,7-Day: Low confidence,98.52%,14-Day: Low confidence,100.0%,30-Day: Low confidence
216.131.84.179,0,0.0,6.0,0.64%,Today: Low confidence,37.38%,7-Day: Low confidence,99.28%,14-Day: Low confidence,100.0%,30-Day: Low confidence
216.151.180.15,0,0.0,3.0,0.73%,Today: Low confidence,28.33%,7-Day: Low confidence,92.23%,14-Day: Low confidence,100.0%,30-Day: Low confidence
216.151.180.16,0,1.0,10.0,2.36%,Today: Low confidence,95.23%,7-Day: Possibly active,100.0%,14-Day: Possibly active,100.0%,30-Day: Possibly active
217.170.194.54,1,7.0,28.0,83.89%,Today: Highly likely,100.0%,7-Day: Highly likely,100.0%,14-Day: Highly likely,100.0%,30-Day: Highly likely
223.25.1.25,0,0.0,0.0,0.0%,Today: Low confidence,0.0%,7-Day: Low confidence,0.0%,14-Day: Low confidence,0.01%,30-Day: Low confidence
23.205.105.180,0,0.0,0.0,0.0%,Today: Low confidence,0.02%,7-Day: Low confidence,0.07%,14-Day: Low confidence,0.59%,30-Day: Low confidence
3-get.njalla.fo,0,1.0,1.0,12.93%,Today: Possibly active,58.99%,7-Day: Possibly active,65.97%,14-Day: Possibly active,75.06%,30-Day: Possibly active
3.14.182.203,0,3.0,16.0,16.76%,Today: Possibly active,100.0%,7-Day: Highly likely,100.0%,14-Day: Highly likely,100.0%,30-Day: Highly likely
3.213.237.181,0,0.0,0.0,0.0%,Today: Low confidence,0.08%,7-Day: Low confidence,0.33%,14-Day: Low confidence,3.53%,30-Day: Low confidence
3.248.33.252,0,4.0,12.0,43.55%,Today: Possibly active,100.0%,7-Day: Highly likely,100.0%,14-Day: Highly likely,100.0%,30-Day: Highly likely
31.177.76.32,0,1.0,2.0,6.2%,Today: Low confidence,81.55%,7-Day: Possibly active,97.57%,14-Day: Possibly active,100.0%,30-Day: Possibly active
31.177.80.32,0,1.0,2.0,6.2%,Today: Low confidence,81.55%,7-Day: Possibly active,97.57%,14-Day: Possibly active,100.0%,30-Day: Possibly active
34.107.61.226,0,0.0,1.0,0.33%,Today: Low confidence,8.01%,7-Day: Low confidence,19.91%,14-Day: Low confidence,47.94%,30-Day: Low confidence
34.196.190.252,0,1.0,1.0,11.87%,Today: Possibly active,67.21%,7-Day: Possibly active,88.79%,14-Day: Possibly active,98.89%,30-Day: Possibly active
34.83.195.219,0,1.0,1.0,9.46%,Today: Possibly active,57.93%,7-Day: Possibly active,65.59%,14-Day: Possibly active,74.75%,30-Day: Possibly active
34.93.116.234,0,0.0,1.0,0.47%,Today: Low confidence,8.84%,7-Day: Low confidence,23.75%,14-Day: Low confidence,48.35%,30-Day: Low confidence
35.0.127.52,0,2.0,5.0,12.38%,Today: Possibly active,97.7%,7-Day: Highly likely,100.0%,14-Day: Highly likely,100.0%,30-Day: Highly likely
35.157.198.100,1,3.0,3.0,59.7%,Today: Possibly active,95.0%,7-Day: Highly likely,100.0%,14-Day: Highly likely,100.0%,30-Day: Highly likely
35.228.85.155,1,2.0,2.0,21.31%,Today: Possibly active,90.42%,7-Day: Highly likely,98.02%,14-Day: Highly likely,100.0%,30-Day: Highly likely
35.240.174.82,0,1.0,1.0,12.93%,Today: Possibly active,58.99%,7-Day: Possibly active,65.97%,14-Day: Possibly active,75.06%,30-Day: Possibly active
37.19.200.131,0,0.0,1.0,0.02%,Today: Low confidence,6.9%,7-Day: Low confidence,14.09%,14-Day: Low confidence,47.97%,30-Day: Low confidence
37.19.200.142,0,1.0,5.0,6.77%,Today: Low confidence,93.85%,7-Day: Possibly active,100.0%,14-Day: Possibly active,100.0%,30-Day: Possibly active
37.19.200.151,0,5.0,22.0,49.54%,Today: Possibly active,100.0%,7-Day: Highly likely,100.0%,14-Day: Highly likely,100.0%,30-Day: Highly likely
37.19.200.155,0,3.0,8.0,23.01%,Today: Possibly active,100.0%,7-Day: Highly likely,100.0%,14-Day: Highly likely,100.0%,30-Day: Highly likely
37.19.210.2,0,0.0,4.0,0.23%,Today: Low confidence,23.5%,7-Day: Low confidence,50.23%,14-Day: Low confidence,83.43%,30-Day: Low confidence
37.44.238.88,0,0.0,0.0,0.0%,Today: Low confidence,0.01%,7-Day: Low confidence,0.06%,14-Day: Low confidence,0.42%,30-Day: Low confidence
43.225.189.132,0,1.0,11.0,1.63%,Today: Low confidence,93.41%,7-Day: Possibly active,100.0%,14-Day: Possibly active,100.0%,30-Day: Possibly active
43.225.189.163,0,0.0,8.0,0.48%,Today: Low confidence,40.98%,7-Day: Low confidence,100.0%,14-Day: Low confidence,100.0%,30-Day: Low confidence
43.99.243.201,0,0.0,2.0,0.23%,Today: Low confidence,16.53%,7-Day: Low confidence,42.34%,14-Day: Low confidence,79.79%,30-Day: Low confidence
45.119.84.18,0,0.0,0.0,0.0%,Today: Low confidence,0.11%,7-Day: Low confidence,0.48%,14-Day: Low confidence,4.62%,30-Day: Low confidence
45.125.66.85,0,1.0,1.0,9.46%,Today: Possibly active,57.93%,7-Day: Possibly active,65.59%,14-Day: Possibly active,74.75%,30-Day: Possibly active
45.134.140.131,0,0.0,3.0,0.13%,Today: Low confidence,18.0%,7-Day: Low confidence,36.24%,14-Day: Low confidence,78.24%,30-Day: Low confidence
45.134.212.80,0,0.0,2.0,0.94%,Today: Low confidence,25.81%,7-Day: Low confidence,89.52%,14-Day: Low confidence,100.0%,30-Day: Low confidence
45.134.79.98,0,0.0,1.0,0.06%,Today: Low confidence,7.16%,7-Day: Low confidence,15.54%,14-Day: Low confidence,55.62%,30-Day: Low confidence
45.135.194.13,0,2.0,6.0,7.07%,Today: Possibly active,97.54%,7-Day: Highly likely,100.0%,14-Day: Highly likely,100.0%,30-Day: Highly likely
45.135.57.192,1,7.0,30.0,88.77%,Today: Highly likely,100.0%,7-Day: Highly likely,100.0%,14-Day: Highly likely,100.0%,30-Day: Highly likely
45.137.22.105,0,0.0,0.0,0.0%,Today: Low confidence,0.0%,7-Day: Low confidence,0.0%,14-Day: Low confidence,0.36%,30-Day: Low confidence
45.142.193.106,0,0.0,10.0,0.07%,Today: Low confidence,30.98%,7-Day: Low confidence,47.31%,14-Day: Low confidence,83.72%,30-Day: Low confidence
45.142.193.121,0,0.0,3.0,0.55%,Today: Low confidence,25.37%,7-Day: Low confidence,59.5%,14-Day: Low confidence,81.75%,30-Day: Low confidence
45.142.193.131,0,0.0,0.0,0.0%,Today: Low confidence,0.01%,7-Day: Low confidence,0.03%,14-Day: Low confidence,0.29%,30-Day: Low confidence
45.142.193.141,0,0.0,0.0,0.0%,Today: Low confidence,0.0%,7-Day: Low confidence,0.01%,14-Day: Low confidence,0.04%,30-Day: Low confidence
45.142.193.152,0,0.0,0.0,0.0%,Today: Low confidence,0.0%,7-Day: Low confidence,0.01%,14-Day: Low confidence,0.04%,30-Day: Low confidence
45.142.193.162,0,0.0,6.0,0.51%,Today: Low confidence,34.79%,7-Day: Low confidence,68.66%,14-Day: Low confidence,84.14%,30-Day: Low confidence
45.142.193.183,0,0.0,8.0,0.06%,Today: Low confidence,27.93%,7-Day: Low confidence,40.93%,14-Day: Low confidence,81.22%,30-Day: Low confidence
45.142.193.185,0,3.0,21.0,5.75%,Today: Low confidence,100.0%,7-Day: Highly likely,100.0%,14-Day: Highly likely,100.0%,30-Day: Highly likely
45.142.193.196,0,0.0,0.0,0.0%,Today: Low confidence,0.03%,7-Day: Low confidence,0.14%,14-Day: Low confidence,0.81%,30-Day: Low confidence
45.142.193.207,0,0.0,11.0,0.08%,Today: Low confidence,32.03%,7-Day: Low confidence,49.1%,14-Day: Low confidence,84.13%,30-Day: Low confidence
45.142.193.247,0,0.0,11.0,0.08%,Today: Low confidence,32.03%,7-Day: Low confidence,49.1%,14-Day: Low confidence,84.13%,30-Day: Low confidence
45.142.193.51,0,0.0,8.0,0.04%,Today: Low confidence,27.39%,7-Day: Low confidence,38.4%,14-Day: Low confidence,79.22%,30-Day: Low confidence
45.142.193.61,0,0.0,0.0,0.0%,Today: Low confidence,0.0%,7-Day: Low confidence,0.0%,14-Day: Low confidence,0.01%,30-Day: Low confidence
45.142.193.66,0,0.0,0.0,0.0%,Today: Low confidence,0.0%,7-Day: Low confidence,0.0%,14-Day: Low confidence,0.01%,30-Day: Low confidence
45.142.193.75,0,0.0,0.0,0.0%,Today: Low confidence,0.0%,7-Day: Low confidence,0.0%,14-Day: Low confidence,0.0%,30-Day: Low confidence
45.142.193.91,1,4.0,4.0,78.48%,Today: Highly likely,98.19%,7-Day: Highly likely,100.0%,14-Day: Highly likely,100.0%,30-Day: Highly likely
45.144.212.126,1,5.0,5.0,89.97%,Today: Highly likely,100.0%,7-Day: Highly likely,100.0%,14-Day: Highly likely,100.0%,30-Day: Highly likely
45.33.120.158,1,7.0,30.0,88.77%,Today: Highly likely,100.0%,7-Day: Highly likely,100.0%,14-Day: Highly likely,100.0%,30-Day: Highly likely
45.61.136.138,0,0.0,0.0,0.0%,Today: Low confidence,0.0%,7-Day: Low confidence,0.0%,14-Day: Low confidence,0.01%,30-Day: Low confidence
45.61.137.162,0,0.0,1.0,0.79%,Today: Low confidence,10.74%,7-Day: Low confidence,54.99%,14-Day: Low confidence,73.75%,30-Day: Low confidence
45.61.169.191,1,3.0,3.0,49.9%,Today: Possibly active,95.02%,7-Day: Highly likely,100.0%,14-Day: Highly likely,100.0%,30-Day: Highly likely
45.79.120.183,1,5.0,12.0,74.97%,Today: Highly likely,100.0%,7-Day: Highly likely,100.0%,14-Day: Highly likely,100.0%,30-Day: Highly likely
45.80.158.167,1,7.0,16.0,94.01%,Today: Highly likely,100.0%,7-Day: Highly likely,100.0%,14-Day: Highly likely,100.0%,30-Day: Highly likely
45.84.107.128,0,0.0,0.0,0.02%,Today: Low confidence,0.5%,7-Day: Low confidence,2.28%,14-Day: Low confidence,12.3%,30-Day: Low confidence
45.91.250.107,0,4.0,6.0,59.16%,Today: Possibly active,100.0%,7-Day: Highly likely,100.0%,14-Day: Highly likely,100.0%,30-Day: Highly likely
46.101.197.155,0,0.0,0.0,0.02%,Today: Low confidence,0.05%,7-Day: Low confidence,0.08%,14-Day: Low confidence,8.04%,30-Day: Low confidence
46.19.136.227,0,0.0,2.0,0.46%,Today: Low confidence,21.01%,7-Day: Low confidence,81.12%,14-Day: Low confidence,100.0%,30-Day: Low confidence
47.237.115.193,1,7.0,30.0,88.77%,Today: Highly likely,100.0%,7-Day: Highly likely,100.0%,14-Day: Highly likely,100.0%,30-Day: Highly likely
47.84.188.162,0,2.0,2.0,18.5%,Today: Possibly active,90.04%,7-Day: Highly likely,97.96%,14-Day: Highly likely,100.0%,30-Day: Highly likely
49.42.32.108,0,0.0,0.0,0.0%,Today: Low confidence,0.01%,7-Day: Low confidence,0.01%,14-Day: Low confidence,2.09%,30-Day: Low confidence
5.181.27.219,0,0.0,1.0,0.2%,Today: Low confidence,7.22%,7-Day: Low confidence,15.68%,14-Day: Low confidence,46.93%,30-Day: Low confidence
5.188.206.114,1,7.0,9.0,97.87%,Today: Highly likely,100.0%,7-Day: Highly likely,100.0%,14-Day: Highly likely,100.0%,30-Day: Highly likely
5.188.206.46,0,2.0,10.0,8.24%,Today: Possibly active,100.0%,7-Day: Highly likely,100.0%,14-Day: Highly likely,100.0%,30-Day: Highly likely
5.8.63.108,0,0.0,2.0,0.11%,Today: Low confidence,14.03%,7-Day: Low confidence,31.35%,14-Day: Low confidence,76.57%,30-Day: Low confidence
50.248.10.133,0,0.0,3.0,0.18%,Today: Low confidence,18.54%,7-Day: Low confidence,39.84%,14-Day: Low confidence,80.52%,30-Day: Low confidence
50.31.156.115,1,7.0,29.0,82.05%,Today: Highly likely,100.0%,7-Day: Highly likely,100.0%,14-Day: Highly likely,100.0%,30-Day: Highly likely
51.158.205.47,1,7.0,18.0,95.58%,Today: Highly likely,100.0%,7-Day: Highly likely,100.0%,14-Day: Highly likely,100.0%,30-Day: Highly likely
51.83.30.89,0,0.0,3.0,0.81%,Today: Low confidence,27.06%,7-Day: Low confidence,90.94%,14-Day: Low confidence,100.0%,30-Day: Low confidence
51.89.138.221,1,3.0,18.0,19.34%,Today: Possibly active,100.0%,7-Day: Highly likely,100.0%,14-Day: Highly likely,100.0%,30-Day: Highly likely
54.173.206.208,0,0.0,1.0,0.33%,Today: Low confidence,8.01%,7-Day: Low confidence,19.91%,14-Day: Low confidence,47.94%,30-Day: Low confidence
54.77.139.23,0,4.0,12.0,43.55%,Today: Possibly active,100.0%,7-Day: Highly likely,100.0%,14-Day: Highly likely,100.0%,30-Day: Highly likely
59.120.76.133,0,1.0,3.0,11.71%,Today: Possibly active,86.31%,7-Day: Possibly active,100.0%,14-Day: Possibly active,100.0%,30-Day: Possibly active
61.95.227.107,0,0.0,0.0,0.0%,Today: Low confidence,0.0%,7-Day: Low confidence,0.0%,14-Day: Low confidence,0.01%,30-Day: Low confidence
61.95.255.74,0,0.0,0.0,0.0%,Today: Low confidence,0.0%,7-Day: Low confidence,0.0%,14-Day: Low confidence,0.01%,30-Day: Low confidence
62.72.14.154,1,6.0,25.0,74.93%,Today: Highly likely,100.0%,7-Day: Highly likely,100.0%,14-Day: Highly likely,100.0%,30-Day: Highly likely
63.143.57.180,0,0.0,0.0,0.0%,Today: Low confidence,0.11%,7-Day: Low confidence,0.49%,14-Day: Low confidence,2.79%,30-Day: Low confidence
64.227.106.112,0,0.0,1.0,0.08%,Today: Low confidence,6.6%,7-Day: Low confidence,12.43%,14-Day: Low confidence,43.36%,30-Day: Low confidence
64.227.154.122,0,1.0,4.0,4.35%,Today: Low confidence,85.95%,7-Day: Possibly active,100.0%,14-Day: Possibly active,100.0%,30-Day: Possibly active
64.227.166.13,0,0.0,0.0,0.0%,Today: Low confidence,0.04%,7-Day: Low confidence,0.17%,14-Day: Low confidence,0.94%,30-Day: Low confidence
64.23.167.200,0,0.0,1.0,0.47%,Today: Low confidence,8.84%,7-Day: Low confidence,23.75%,14-Day: Low confidence,48.35%,30-Day: Low confidence
64.233.180.99,0,0.0,1.0,0.14%,Today: Low confidence,6.9%,7-Day: Low confidence,13.92%,14-Day: Low confidence,45.86%,30-Day: Low confidence
64.32.17.130,1,5.0,12.0,74.75%,Today: Highly likely,100.0%,7-Day: Highly likely,100.0%,14-Day: Highly likely,100.0%,30-Day: Highly likely
64.62.197.145,1,7.0,9.0,97.87%,Today: Highly likely,100.0%,7-Day: Highly likely,100.0%,14-Day: Highly likely,100.0%,30-Day: Highly likely
64.62.197.159,1,2.0,2.0,21.31%,Today: Possibly active,90.42%,7-Day: Highly likely,98.02%,14-Day: Highly likely,100.0%,30-Day: Highly likely
64.62.197.226,1,7.0,9.0,97.87%,Today: Highly likely,100.0%,7-Day: Highly likely,100.0%,14-Day: Highly likely,100.0%,30-Day: Highly likely
64.62.197.39,1,7.0,16.0,96.23%,Today: Highly likely,100.0%,7-Day: Highly likely,100.0%,14-Day: Highly likely,100.0%,30-Day: Highly likely
64.62.197.43,1,4.0,4.0,78.48%,Today: Highly likely,98.19%,7-Day: Highly likely,100.0%,14-Day: Highly likely,100.0%,30-Day: Highly likely
64.88.192.20,0,0.0,0.0,0.0%,Today: Low confidence,0.0%,7-Day: Low confidence,0.0%,14-Day: Low confidence,0.01%,30-Day: Low confidence
64.88.192.21,0,0.0,0.0,0.0%,Today: Low confidence,0.0%,7-Day: Low confidence,0.0%,14-Day: Low confidence,0.01%,30-Day: Low confidence
65.21.203.39,0,0.0,0.0,0.0%,Today: Low confidence,0.0%,7-Day: Low confidence,0.02%,14-Day: Low confidence,0.11%,30-Day: Low confidence
66.118.80.11,0,0.0,0.0,0.0%,Today: Low confidence,0.0%,7-Day: Low confidence,0.0%,14-Day: Low confidence,0.01%,30-Day: Low confidence
66.22.212.131,0,0.0,0.0,0.01%,Today: Low confidence,0.15%,7-Day: Low confidence,0.64%,14-Day: Low confidence,8.54%,30-Day: Low confidence
66.235.168.222,0,0.0,0.0,0.0%,Today: Low confidence,0.07%,7-Day: Low confidence,0.31%,14-Day: Low confidence,3.05%,30-Day: Low confidence
66.240.227.52,0,0.0,0.0,0.04%,Today: Low confidence,0.93%,7-Day: Low confidence,4.2%,14-Day: Low confidence,20.62%,30-Day: Low confidence
67.201.33.10,0,0.0,0.0,0.0%,Today: Low confidence,0.03%,7-Day: Low confidence,0.15%,14-Day: Low confidence,1.05%,30-Day: Low confidence
68.183.229.54,0,0.0,1.0,0.04%,Today: Low confidence,6.4%,7-Day: Low confidence,11.6%,14-Day: Low confidence,38.06%,30-Day: Low confidence
68.67.179.164,0,0.0,0.0,0.0%,Today: Low confidence,0.04%,7-Day: Low confidence,0.17%,14-Day: Low confidence,0.94%,30-Day: Low confidence
68.69.186.86,0,1.0,4.0,6.21%,Today: Low confidence,85.85%,7-Day: Possibly active,100.0%,14-Day: Possibly active,100.0%,30-Day: Possibly active
6sigma.us,0,5.0,25.0,45.66%,Today: Possibly active,100.0%,7-Day: Highly likely,100.0%,14-Day: Highly likely,100.0%,30-Day: Highly likely
70.39.75.187,0,1.0,6.0,2.88%,Today: Low confidence,87.98%,7-Day: Possibly active,100.0%,14-Day: Possibly active,100.0%,30-Day: Possibly active
72.240.26.4,0,0.0,0.0,0.0%,Today: Low confidence,0.0%,7-Day: Low confidence,0.0%,14-Day: Low confidence,0.01%,30-Day: Low confidence
72.240.34.3,0,0.0,0.0,0.0%,Today: Low confidence,0.0%,7-Day: Low confidence,0.0%,14-Day: Low confidence,0.01%,30-Day: Low confidence
74.208.236.241,1,6.0,29.0,70.94%,Today: Highly likely,100.0%,7-Day: Highly likely,100.0%,14-Day: Highly likely,100.0%,30-Day: Highly likely
74.226.169.6,0,1.0,1.0,11.08%,Today: Possibly active,58.5%,7-Day: Possibly active,65.8%,14-Day: Possibly active,74.89%,30-Day: Possibly active
75.127.12.162,0,0.0,7.0,0.7%,Today: Low confidence,42.58%,7-Day: Low confidence,100.0%,14-Day: Low confidence,100.0%,30-Day: Low confidence
78.128.113.190,1,7.0,9.0,97.87%,Today: Highly likely,100.0%,7-Day: Highly likely,100.0%,14-Day: Highly likely,100.0%,30-Day: Highly likely
78.189.75.139,0,6.0,17.0,74.4%,Today: Highly likely,100.0%,7-Day: Highly likely,100.0%,14-Day: Highly likely,100.0%,30-Day: Highly likely
79.127.211.213,0,0.0,0.0,0.0%,Today: Low confidence,0.0%,7-Day: Low confidence,0.0%,14-Day: Low confidence,0.01%,30-Day: Low confidence
79.127.217.35,0,0.0,1.0,0.22%,Today: Low confidence,9.09%,7-Day: Low confidence,26.69%,14-Day: Low confidence,68.34%,30-Day: Low confidence
8.213.28.70,1,2.0,2.0,21.31%,Today: Possibly active,90.42%,7-Day: Highly likely,98.02%,14-Day: Highly likely,100.0%,30-Day: Highly likely
80.67.167.81,0,0.0,0.0,0.02%,Today: Low confidence,0.5%,7-Day: Low confidence,2.28%,14-Day: Low confidence,12.3%,30-Day: Low confidence
80.71.82.118,0,0.0,0.0,0.0%,Today: Low confidence,0.0%,7-Day: Low confidence,0.0%,14-Day: Low confidence,0.01%,30-Day: Low confidence
80.94.92.106,1,7.0,15.0,95.33%,Today: Highly likely,100.0%,7-Day: Highly likely,100.0%,14-Day: Highly likely,100.0%,30-Day: Highly likely
80.94.92.92,1,2.0,2.0,21.31%,Today: Possibly active,90.42%,7-Day: Highly likely,98.02%,14-Day: Highly likely,100.0%,30-Day: Highly likely
83.222.190.190,0,0.0,1.0,0.67%,Today: Low confidence,10.01%,7-Day: Low confidence,52.95%,14-Day: Low confidence,73.64%,30-Day: Low confidence
83.222.190.230,1,7.0,14.0,96.8%,Today: Highly likely,100.0%,7-Day: Highly likely,100.0%,14-Day: Highly likely,100.0%,30-Day: Highly likely
83.222.190.234,1,7.0,14.0,96.8%,Today: Highly likely,100.0%,7-Day: Highly likely,100.0%,14-Day: Highly likely,100.0%,30-Day: Highly likely
83.222.190.238,0,0.0,4.0,1.21%,Today: Low confidence,37.05%,7-Day: Low confidence,99.24%,14-Day: Low confidence,100.0%,30-Day: Low confidence
83.222.190.246,1,7.0,12.0,94.51%,Today: Highly likely,100.0%,7-Day: Highly likely,100.0%,14-Day: Highly likely,100.0%,30-Day: Highly likely
83.222.190.46,0,0.0,3.0,1.56%,Today: Low confidence,35.75%,7-Day: Low confidence,97.76%,14-Day: Low confidence,100.0%,30-Day: Low confidence
83.222.190.66,0,0.0,3.0,0.78%,Today: Low confidence,28.32%,7-Day: Low confidence,90.23%,14-Day: Low confidence,100.0%,30-Day: Low confidence
83.222.191.10,1,7.0,14.0,96.8%,Today: Highly likely,100.0%,7-Day: Highly likely,100.0%,14-Day: Highly likely,100.0%,30-Day: Highly likely
83.222.191.130,0,2.0,3.0,27.46%,Today: Possibly active,94.15%,7-Day: Highly likely,100.0%,14-Day: Highly likely,100.0%,30-Day: Highly likely
83.222.191.150,1,4.0,4.0,78.48%,Today: Highly likely,98.19%,7-Day: Highly likely,100.0%,14-Day: Highly likely,100.0%,30-Day: Highly likely
83.222.191.2,1,7.0,14.0,96.8%,Today: Highly likely,100.0%,7-Day: Highly likely,100.0%,14-Day: Highly likely,100.0%,30-Day: Highly likely
83.222.191.6,1,7.0,14.0,96.8%,Today: Highly likely,100.0%,7-Day: Highly likely,100.0%,14-Day: Highly likely,100.0%,30-Day: Highly likely
83.222.191.70,0,0.0,3.0,1.56%,Today: Low confidence,35.75%,7-Day: Low confidence,97.76%,14-Day: Low confidence,100.0%,30-Day: Low confidence
83.222.191.94,1,4.0,4.0,78.48%,Today: Highly likely,98.19%,7-Day: Highly likely,100.0%,14-Day: Highly likely,100.0%,30-Day: Highly likely
85.208.104.4,0,2.0,4.0,13.66%,Today: Possibly active,95.56%,7-Day: Highly likely,100.0%,14-Day: Highly likely,100.0%,30-Day: Highly likely
87.236.176.117,1,7.0,23.0,93.43%,Today: Highly likely,100.0%,7-Day: Highly likely,100.0%,14-Day: Highly likely,100.0%,30-Day: Highly likely
87.236.176.146,1,7.0,23.0,93.43%,Today: Highly likely,100.0%,7-Day: Highly likely,100.0%,14-Day: Highly likely,100.0%,30-Day: Highly likely
87.236.176.15,1,7.0,23.0,93.43%,Today: Highly likely,100.0%,7-Day: Highly likely,100.0%,14-Day: Highly likely,100.0%,30-Day: Highly likely
87.236.176.16,1,7.0,23.0,93.43%,Today: Highly likely,100.0%,7-Day: Highly likely,100.0%,14-Day: Highly likely,100.0%,30-Day: Highly likely
87.236.176.176,1,7.0,23.0,93.43%,Today: Highly likely,100.0%,7-Day: Highly likely,100.0%,14-Day: Highly likely,100.0%,30-Day: Highly likely
87.236.176.199,1,7.0,23.0,93.43%,Today: Highly likely,100.0%,7-Day: Highly likely,100.0%,14-Day: Highly likely,100.0%,30-Day: Highly likely
87.236.176.207,1,7.0,23.0,93.43%,Today: Highly likely,100.0%,7-Day: Highly likely,100.0%,14-Day: Highly likely,100.0%,30-Day: Highly likely
87.236.176.214,1,7.0,23.0,93.43%,Today: Highly likely,100.0%,7-Day: Highly likely,100.0%,14-Day: Highly likely,100.0%,30-Day: Highly likely
87.236.176.223,1,7.0,23.0,93.43%,Today: Highly likely,100.0%,7-Day: Highly likely,100.0%,14-Day: Highly likely,100.0%,30-Day: Highly likely
87.236.176.39,1,7.0,23.0,93.43%,Today: Highly likely,100.0%,7-Day: Highly likely,100.0%,14-Day: Highly likely,100.0%,30-Day: Highly likely
87.236.176.51,1,7.0,30.0,88.77%,Today: Highly likely,100.0%,7-Day: Highly likely,100.0%,14-Day: Highly likely,100.0%,30-Day: Highly likely
87.236.176.53,1,7.0,23.0,93.43%,Today: Highly likely,100.0%,7-Day: Highly likely,100.0%,14-Day: Highly likely,100.0%,30-Day: Highly likely
87.236.176.78,1,7.0,23.0,93.43%,Today: Highly likely,100.0%,7-Day: Highly likely,100.0%,14-Day: Highly likely,100.0%,30-Day: Highly likely
87.236.176.85,1,7.0,23.0,93.43%,Today: Highly likely,100.0%,7-Day: Highly likely,100.0%,14-Day: Highly likely,100.0%,30-Day: Highly likely
87.236.176.93,1,7.0,23.0,93.43%,Today: Highly likely,100.0%,7-Day: Highly likely,100.0%,14-Day: Highly likely,100.0%,30-Day: Highly likely
89.149.52.55,0,0.0,2.0,1.09%,Today: Low confidence,30.8%,7-Day: Low confidence,93.28%,14-Day: Low confidence,100.0%,30-Day: Low confidence
89.248.163.109,0,0.0,9.0,0.4%,Today: Low confidence,39.04%,7-Day: Low confidence,70.6%,14-Day: Low confidence,84.57%,30-Day: Low confidence
89.248.163.110,0,1.0,1.0,5.8%,Today: Low confidence,55.58%,7-Day: Possibly active,64.6%,14-Day: Possibly active,74.4%,30-Day: Possibly active
89.248.163.113,0,2.0,2.0,11.81%,Today: Possibly active,87.8%,7-Day: Highly likely,97.65%,14-Day: Highly likely,100.0%,30-Day: Highly likely
89.248.163.114,0,2.0,2.0,10.1%,Today: Possibly active,86.62%,7-Day: Highly likely,97.47%,14-Day: Highly likely,100.0%,30-Day: Highly likely
89.248.163.116,0,3.0,3.0,42.29%,Today: Possibly active,94.87%,7-Day: Highly likely,100.0%,14-Day: Highly likely,100.0%,30-Day: Highly likely
89.248.163.117,0,2.0,2.0,10.1%,Today: Possibly active,86.62%,7-Day: Highly likely,97.47%,14-Day: Highly likely,100.0%,30-Day: Highly likely
89.248.163.121,0,2.0,2.0,11.81%,Today: Possibly active,87.8%,7-Day: Highly likely,97.65%,14-Day: Highly likely,100.0%,30-Day: Highly likely
89.248.163.123,0,2.0,2.0,10.1%,Today: Possibly active,86.62%,7-Day: Highly likely,97.47%,14-Day: Highly likely,100.0%,30-Day: Highly likely
89.248.163.124,0,1.0,3.0,6.71%,Today: Low confidence,82.57%,7-Day: Possibly active,100.0%,14-Day: Possibly active,100.0%,30-Day: Possibly active
89.248.163.125,0,1.0,1.0,8.06%,Today: Possibly active,57.26%,7-Day: Possibly active,65.33%,14-Day: Possibly active,74.62%,30-Day: Possibly active
89.248.163.2,0,1.0,1.0,5.8%,Today: Low confidence,55.58%,7-Day: Possibly active,64.6%,14-Day: Possibly active,74.4%,30-Day: Possibly active
89.248.163.27,0,1.0,2.0,3.4%,Today: Low confidence,75.41%,7-Day: Possibly active,96.37%,14-Day: Possibly active,100.0%,30-Day: Possibly active
89.248.163.40,0,2.0,2.0,10.1%,Today: Possibly active,86.62%,7-Day: Highly likely,97.47%,14-Day: Highly likely,100.0%,30-Day: Highly likely
89.248.163.59,0,0.0,1.0,0.14%,Today: Low confidence,6.9%,7-Day: Low confidence,13.92%,14-Day: Low confidence,45.86%,30-Day: Low confidence
89.248.163.6,0,1.0,1.0,5.8%,Today: Low confidence,55.58%,7-Day: Possibly active,64.6%,14-Day: Possibly active,74.4%,30-Day: Possibly active
89.248.163.60,0,0.0,9.0,0.4%,Today: Low confidence,39.04%,7-Day: Low confidence,70.6%,14-Day: Low confidence,84.57%,30-Day: Low confidence
89.248.163.67,0,0.0,10.0,0.43%,Today: Low confidence,41.62%,7-Day: Low confidence,98.49%,14-Day: Low confidence,100.0%,30-Day: Low confidence
89.248.163.69,0,1.0,1.0,6.84%,Today: Low confidence,56.48%,7-Day: Possibly active,65.01%,14-Day: Possibly active,74.5%,30-Day: Possibly active
89.248.163.7,0,2.0,2.0,10.1%,Today: Possibly active,86.62%,7-Day: Highly likely,97.47%,14-Day: Highly likely,100.0%,30-Day: Highly likely
89.248.163.70,0,3.0,3.0,42.29%,Today: Possibly active,94.87%,7-Day: Highly likely,100.0%,14-Day: Highly likely,100.0%,30-Day: Highly likely
89.248.163.77,0,1.0,1.0,5.8%,Today: Low confidence,55.58%,7-Day: Possibly active,64.6%,14-Day: Possibly active,74.4%,30-Day: Possibly active
89.248.163.79,0,2.0,2.0,11.86%,Today: Possibly active,87.37%,7-Day: Highly likely,97.65%,14-Day: Highly likely,100.0%,30-Day: Highly likely
89.248.163.8,0,1.0,1.0,6.84%,Today: Low confidence,56.48%,7-Day: Possibly active,65.01%,14-Day: Possibly active,74.5%,30-Day: Possibly active
89.248.163.81,0,3.0,3.0,42.29%,Today: Possibly active,94.87%,7-Day: Highly likely,100.0%,14-Day: Highly likely,100.0%,30-Day: Highly likely
89.248.163.83,0,2.0,2.0,10.1%,Today: Possibly active,86.62%,7-Day: Highly likely,97.47%,14-Day: Highly likely,100.0%,30-Day: Highly likely
89.248.163.85,0,1.0,1.0,5.8%,Today: Low confidence,55.58%,7-Day: Possibly active,64.6%,14-Day: Possibly active,74.4%,30-Day: Possibly active
89.248.163.87,0,0.0,8.0,0.36%,Today: Low confidence,36.42%,7-Day: Low confidence,67.28%,14-Day: Low confidence,84.34%,30-Day: Low confidence
89.248.163.97,0,3.0,3.0,42.29%,Today: Possibly active,94.87%,7-Day: Highly likely,100.0%,14-Day: Highly likely,100.0%,30-Day: Highly likely
89.31.143.90,0,4.0,9.0,47.52%,Today: Possibly active,100.0%,7-Day: Highly likely,100.0%,14-Day: Highly likely,100.0%,30-Day: Highly likely
89.34.237.101,0,1.0,4.0,6.9%,Today: Low confidence,90.76%,7-Day: Possibly active,100.0%,14-Day: Possibly active,100.0%,30-Day: Possibly active
89.34.237.12,0,0.0,1.0,0.09%,Today: Low confidence,7.28%,7-Day: Low confidence,16.48%,14-Day: Low confidence,56.83%,30-Day: Low confidence
89.42.231.140,0,3.0,11.0,21.83%,Today: Possibly active,100.0%,7-Day: Highly likely,100.0%,14-Day: Highly likely,100.0%,30-Day: Highly likely
91.191.209.198,0,0.0,12.0,0.52%,Today: Low confidence,46.77%,7-Day: Low confidence,100.0%,14-Day: Low confidence,100.0%,30-Day: Low confidence
91.191.209.218,1,7.0,16.0,96.23%,Today: Highly likely,100.0%,7-Day: Highly likely,100.0%,14-Day: Highly likely,100.0%,30-Day: Highly likely
91.191.209.46,0,2.0,2.0,18.5%,Today: Possibly active,90.04%,7-Day: Highly likely,97.96%,14-Day: Highly likely,100.0%,30-Day: Highly likely
91.242.241.144,0,1.0,1.0,9.46%,Today: Possibly active,57.93%,7-Day: Possibly active,65.59%,14-Day: Possibly active,74.75%,30-Day: Possibly active
92.38.135.146,0,0.0,2.0,0.39%,Today: Low confidence,18.96%,7-Day: Low confidence,76.41%,14-Day: Low confidence,100.0%,30-Day: Low confidence
93.115.0.49,0,2.0,2.0,18.5%,Today: Possibly active,90.04%,7-Day: Highly likely,97.96%,14-Day: Highly likely,100.0%,30-Day: Highly likely
93.123.109.228,1,7.0,14.0,93.66%,Today: Highly likely,100.0%,7-Day: Highly likely,100.0%,14-Day: Highly likely,100.0%,30-Day: Highly likely
93.123.109.229,0,3.0,12.0,16.98%,Today: Possibly active,100.0%,7-Day: Highly likely,100.0%,14-Day: Highly likely,100.0%,30-Day: Highly likely
93.123.109.230,1,7.0,16.0,94.01%,Today: Highly likely,100.0%,7-Day: Highly likely,100.0%,14-Day: Highly likely,100.0%,30-Day: Highly likely
93.123.109.231,1,7.0,16.0,94.01%,Today: Highly likely,100.0%,7-Day: Highly likely,100.0%,14-Day: Highly likely,100.0%,30-Day: Highly likely
94.158.247.5,0,0.0,0.0,0.0%,Today: Low confidence,0.0%,7-Day: Low confidence,0.0%,14-Day: Low confidence,0.06%,30-Day: Low confidence
94.74.83.45,0,3.0,15.0,15.71%,Today: Possibly active,100.0%,7-Day: Highly likely,100.0%,14-Day: Highly likely,100.0%,30-Day: Highly likely
95.173.206.81,0,0.0,0.0,0.0%,Today: Low confidence,0.07%,7-Day: Low confidence,0.3%,14-Day: Low confidence,2.89%,30-Day: Low confidence
96.126.110.22,1,7.0,30.0,88.77%,Today: Highly likely,100.0%,7-Day: Highly likely,100.0%,14-Day: Highly likely,100.0%,30-Day: Highly likely
academy4sc.org,0,0.0,0.0,0.01%,Today: Low confidence,0.18%,7-Day: Low confidence,0.82%,14-Day: Low confidence,5.85%,30-Day: Low confidence
africa.thesmalladventureguide.com,0,0.0,4.0,0.94%,Today: Low confidence,34.13%,7-Day: Low confidence,98.5%,14-Day: Low confidence,100.0%,30-Day: Low confidence
almabooks.com,0,0.0,0.0,0.01%,Today: Low confidence,0.01%,7-Day: Low confidence,0.02%,14-Day: Low confidence,2.57%,30-Day: Low confidence
api-docs.deepseek.com,0,0.0,0.0,0.01%,Today: Low confidence,0.11%,7-Day: Low confidence,0.49%,14-Day: Low confidence,4.61%,30-Day: Low confidence
arbourvalley.com,0,2.0,3.0,16.15%,Today: Possibly active,93.33%,7-Day: Highly likely,100.0%,14-Day: Highly likely,100.0%,30-Day: Highly likely
arpdcresources.ca,0,0.0,2.0,0.08%,Today: Low confidence,13.25%,7-Day: Low confidence,27.66%,14-Day: Low confidence,73.49%,30-Day: Low confidence
autorun.inf,0,0.0,3.0,0.75%,Today: Low confidence,29.12%,7-Day: Low confidence,93.24%,14-Day: Low confidence,100.0%,30-Day: Low confidence
bestmenscolognes.com,0,4.0,12.0,40.76%,Today: Possibly active,100.0%,7-Day: Highly likely,100.0%,14-Day: Highly likely,100.0%,30-Day: Highly likely
biologyinsights.com,1,7.0,8.0,98.04%,Today: Highly likely,100.0%,7-Day: Highly likely,100.0%,14-Day: Highly likely,100.0%,30-Day: Highly likely
blacksaltys.com,0,1.0,8.0,3.53%,Today: Low confidence,96.33%,7-Day: Possibly active,100.0%,14-Day: Possibly active,100.0%,30-Day: Possibly active
blackshelter.org,0,1.0,8.0,3.63%,Today: Low confidence,96.59%,7-Day: Possibly active,100.0%,14-Day: Possibly active,100.0%,30-Day: Possibly active
brppharma.com,1,3.0,3.0,49.9%,Today: Possibly active,95.02%,7-Day: Highly likely,100.0%,14-Day: Highly likely,100.0%,30-Day: Highly likely
cdcfoundation.org,0,1.0,1.0,12.93%,Today: Possibly active,58.99%,7-Day: Possibly active,65.97%,14-Day: Possibly active,75.06%,30-Day: Possibly active
cdn.deepseek.com,0,0.0,1.0,0.03%,Today: Low confidence,6.54%,7-Day: Low confidence,12.57%,14-Day: Low confidence,39.36%,30-Day: Low confidence
cdngetmyname.biz,0,3.0,9.0,24.6%,Today: Possibly active,100.0%,7-Day: Highly likely,100.0%,14-Day: Highly likely,100.0%,30-Day: Highly likely
cementexemplifybuddy.com,0,6.0,23.0,76.15%,Today: Highly likely,100.0%,7-Day: Highly likely,100.0%,14-Day: Highly likely,100.0%,30-Day: Highly likely
chat.deepseek.com,0,5.0,21.0,50.98%,Today: Possibly active,100.0%,7-Day: Highly likely,100.0%,14-Day: Highly likely,100.0%,30-Day: Highly likely
chriswrightmd@yahoo.com,0,1.0,6.0,4.57%,Today: Low confidence,93.83%,7-Day: Possibly active,100.0%,14-Day: Possibly active,100.0%,30-Day: Possibly active
clickme.thryv.com,1,5.0,14.0,67.95%,Today: Highly likely,100.0%,7-Day: Highly likely,100.0%,14-Day: Highly likely,100.0%,30-Day: Highly likely
ctrk.klclick2.com,1,7.0,30.0,81.8%,Today: Highly likely,100.0%,7-Day: Highly likely,100.0%,14-Day: Highly likely,100.0%,30-Day: Highly likely
data-seed-prebsc-1-s1.bnbchain.org,0,1.0,5.0,6.17%,Today: Low confidence,93.63%,7-Day: Possibly active,100.0%,14-Day: Possibly active,100.0%,30-Day: Possibly active
doculivery.com,0,0.0,2.0,0.07%,Today: Low confidence,12.37%,7-Day: Low confidence,23.86%,14-Day: Low confidence,65.98%,30-Day: Low confidence
enterpriseb2bwise.com,0,4.0,20.0,30.1%,Today: Possibly active,100.0%,7-Day: Highly likely,100.0%,14-Day: Highly likely,100.0%,30-Day: Highly likely
etrack05.com,0,0.0,1.0,0.14%,Today: Low confidence,6.9%,7-Day: Low confidence,13.92%,14-Day: Low confidence,45.86%,30-Day: Low confidence
gobookmart.com,0,0.0,0.0,0.0%,Today: Low confidence,0.0%,7-Day: Low confidence,0.01%,14-Day: Low confidence,0.05%,30-Day: Low confidence
groundrats.org,0,0.0,3.0,0.79%,Today: Low confidence,29.14%,7-Day: Low confidence,93.45%,14-Day: Low confidence,100.0%,30-Day: Low confidence
hr-buyerguide.com,0,1.0,6.0,4.14%,Today: Low confidence,92.05%,7-Day: Possibly active,100.0%,14-Day: Possibly active,100.0%,30-Day: Possibly active
irp.cdn-website.com,0,0.0,0.0,0.01%,Today: Low confidence,0.32%,7-Day: Low confidence,1.44%,14-Day: Low confidence,8.04%,30-Day: Low confidence
killeencityjail.org,0,0.0,0.0,0.02%,Today: Low confidence,0.34%,7-Day: Low confidence,1.53%,14-Day: Low confidence,15.98%,30-Day: Low confidence
leatherbook.org,0,3.0,11.0,20.93%,Today: Possibly active,100.0%,7-Day: Highly likely,100.0%,14-Day: Highly likely,100.0%,30-Day: Highly likely
links.rasa.io,1,6.0,27.0,73.53%,Today: Highly likely,100.0%,7-Day: Highly likely,100.0%,14-Day: Highly likely,100.0%,30-Day: Highly likely
ln5.sync.com,0,1.0,9.0,3.94%,Today: Low confidence,99.0%,7-Day: Possibly active,100.0%,14-Day: Possibly active,100.0%,30-Day: Possibly active
mangolinkcam.com,0,1.0,1.0,10.93%,Today: Possibly active,60.07%,7-Day: Possibly active,83.01%,14-Day: Possibly active,98.76%,30-Day: Possibly active
manusinvites.org,0,0.0,0.0,0.01%,Today: Low confidence,0.29%,7-Day: Low confidence,1.3%,14-Day: Low confidence,12.72%,30-Day: Low confidence
mavink.com,1,7.0,12.0,92.64%,Today: Highly likely,100.0%,7-Day: Highly likely,100.0%,14-Day: Highly likely,100.0%,30-Day: Highly likely
muse.krazzykriss.com,0,0.0,1.0,0.25%,Today: Low confidence,9.42%,7-Day: Low confidence,28.46%,14-Day: Low confidence,69.67%,30-Day: Low confidence
newgoodfoodmarket.com,0,1.0,8.0,3.36%,Today: Low confidence,96.67%,7-Day: Possibly active,100.0%,14-Day: Possibly active,100.0%,30-Day: Possibly active
northcentralregionaljail.org,0,0.0,0.0,0.01%,Today: Low confidence,0.15%,7-Day: Low confidence,0.64%,14-Day: Low confidence,10.23%,30-Day: Low confidence
objectstorage.ap-seoul-1.oraclecloud.com,0,0.0,0.0,0.0%,Today: Low confidence,0.0%,7-Day: Low confidence,0.0%,14-Day: Low confidence,0.36%,30-Day: Low confidence
omnicell.com,1,7.0,30.0,81.6%,Today: Highly likely,100.0%,7-Day: Highly likely,100.0%,14-Day: Highly likely,100.0%,30-Day: Highly likely
opendoorsnfp.org,0,0.0,4.0,0.8%,Today: Low confidence,33.27%,7-Day: Low confidence,97.14%,14-Day: Low confidence,100.0%,30-Day: Low confidence
opnform.com,0,1.0,6.0,6.13%,Today: Low confidence,96.61%,7-Day: Possibly active,100.0%,14-Day: Possibly active,100.0%,30-Day: Possibly active
page.24supportkit.com,0,2.0,13.0,6.69%,Today: Low confidence,100.0%,7-Day: Highly likely,100.0%,14-Day: Highly likely,100.0%,30-Day: Highly likely
paste.gg,0,0.0,0.0,0.0%,Today: Low confidence,0.01%,7-Day: Low confidence,0.01%,14-Day: Low confidence,1.36%,30-Day: Low confidence
platform.deepseek.com,0,0.0,1.0,0.39%,Today: Low confidence,9.71%,7-Day: Low confidence,31.63%,14-Day: Low confidence,69.29%,30-Day: Low confidence
premium.davidabostic.com,0,0.0,0.0,0.0%,Today: Low confidence,0.08%,7-Day: Low confidence,0.36%,14-Day: Low confidence,3.65%,30-Day: Low confidence
prosinthecity.com,0,0.0,1.0,0.05%,Today: Low confidence,6.44%,7-Day: Low confidence,11.73%,14-Day: Low confidence,39.59%,30-Day: Low confidence
r3.o.lencr.org,0,0.0,1.0,0.3%,Today: Low confidence,9.91%,7-Day: Low confidence,31.09%,14-Day: Low confidence,70.63%,30-Day: Low confidence
rednosehorse.com,0,1.0,8.0,3.39%,Today: Low confidence,96.72%,7-Day: Possibly active,100.0%,14-Day: Possibly active,100.0%,30-Day: Possibly active
rqipartners.com,1,7.0,30.0,88.77%,Today: Highly likely,100.0%,7-Day: Highly likely,100.0%,14-Day: Highly likely,100.0%,30-Day: Highly likely
status.deepseek.com,0,0.0,0.0,0.0%,Today: Low confidence,0.0%,7-Day: Low confidence,0.0%,14-Day: Low confidence,0.06%,30-Day: Low confidence
summerwaterhall.com,0,0.0,2.0,0.27%,Today: Low confidence,17.42%,7-Day: Low confidence,45.73%,14-Day: Low confidence,80.13%,30-Day: Low confidence
synaptris.com,0,0.0,1.0,0.05%,Today: Low confidence,6.44%,7-Day: Low confidence,11.73%,14-Day: Low confidence,39.59%,30-Day: Low confidence
themes.kadencethemes.com,0,0.0,5.0,0.32%,Today: Low confidence,28.18%,7-Day: Low confidence,85.14%,14-Day: Low confidence,100.0%,30-Day: Low confidence
tpmr.com,0,4.0,6.0,55.02%,Today: Possibly active,100.0%,7-Day: Highly likely,100.0%,14-Day: Highly likely,100.0%,30-Day: Highly likely
trabaja.xyz,0,1.0,1.0,8.28%,Today: Possibly active,62.23%,7-Day: Possibly active,81.06%,14-Day: Possibly active,98.79%,30-Day: Possibly active
uploads-ssl.webflow.com,1,7.0,30.0,88.77%,Today: Highly likely,100.0%,7-Day: Highly likely,100.0%,14-Day: Highly likely,100.0%,30-Day: Highly likely
uploads.strikinglycdn.com,0,5.0,25.0,49.05%,Today: Possibly active,100.0%,7-Day: Highly likely,100.0%,14-Day: Highly likely,100.0%,30-Day: Highly likely
vtext.com,1,7.0,30.0,81.7%,Today: Highly likely,100.0%,7-Day: Highly likely,100.0%,14-Day: Highly likely,100.0%,30-Day: Highly likely
ws.onehub.com,0,3.0,6.0,31.74%,Today: Possibly active,100.0%,7-Day: Highly likely,100.0%,14-Day: Highly likely,100.0%,30-Day: Highly likely
www.3u.com,0,0.0,0.0,0.0%,Today: Low confidence,0.0%,7-Day: Low confidence,0.0%,14-Day: Low confidence,0.29%,30-Day: Low confidence
www.deepseek.com,1,7.0,25.0,86.25%,Today: Highly likely,100.0%,7-Day: Highly likely,100.0%,14-Day: Highly likely,100.0%,30-Day: Highly likely
www.deepseek.com.cdn.cloudflare.net,0,5.0,23.0,45.97%,Today: Possibly active,100.0%,7-Day: Highly likely,100.0%,14-Day: Highly likely,100.0%,30-Day: Highly likely
www.filemail.com,0,0.0,2.0,0.79%,Today: Low confidence,24.17%,7-Day: Low confidence,87.52%,14-Day: Low confidence,100.0%,30-Day: Low confidence
www.sthda.com,1,5.0,23.0,52.86%,Today: Possibly active,100.0%,7-Day: Highly likely,100.0%,14-Day: Highly likely,100.0%,30-Day: Highly likely
